"시도명",시군구명,어린이집코드,어린이집명,어린이집유형구분,운영현황,우편번호,상세주소,어린이집전화번호,어린이집팩스번호,홈페이지주소,보육실수,보육실 면적,놀이터수,CCTV설치수,보육교직원수,정원수,현원수,위도,경도,통학차량운영여부,인가일자,휴지시작일자,휴지종료일자,폐지일자,제공서비스,데이터기준일자
"대전광역시",서구,8478000172,IBK참좋은어린이집,직장,Y,35260,대전광역시 서구 둔산남로 112 IBK기업은행 2층,042-471-4328,,,3,168,1,,11,40,24,,,미운영,2015-08-26,,,,일반,2020-02-10
"대전광역시",서구,3148017265,가온아이어린이집,민간,Y,35224,대전광역시 서구 신갈마로 239-8 (갈마동),042-485-4817,042-485-4817,,3,132,0,,5,30,19,,,운영,2005-07-16,,,,일반,2020-02-10
"대전광역시",서구,6918000297,가장좋은어린이집,가정,Y,35297,"대전광역시 서구 가장로 107 208동 101호 (가장동, 삼성래미안아파트)",042-535-7955,042-535-7945,,4,110,0,,7,19,19,,,운영,2002-08-22,,,,일반,2020-02-10
"대전광역시",서구,3148902289,갈마어린이집,민간,Y,35282,"대전광역시 서구 신갈마로 95 관리동 (갈마동, 갈마아파트)",042-535-5732,042-384-5732,,5,217,2,,10,49,46,,,미운영,1997-10-15,,,,장애아통합+시간연장형,2020-02-10
"대전광역시",서구,3148030104,갑천어린이집,가정,Y,35201,"대전광역시 서구 만년로 25 101동 101호 (만년동, 강변아파트)",042-483-2399,,,4,67,0,,5,20,19,,,미운영,2011-04-27,,,,일반,2020-02-10
"대전광역시",서구,8828001155,강낭콩어린이집,가정,Y,35386,"대전광역시 서구 가수원로 106 301동 106호 (가수원동, 은아아파트3단지)",042-544-8335,042-544-8335,,3,102,0,,5,18,14,,,운영,2004-03-30,,,,일반,2020-02-10
"대전광역시",서구,3148008408,강변어린이집,민간,Y,35201,"대전광역시 서구 만년로 25 (만년동, 강변아파트)",042-484-8144,,,3,99,1,,9,38,34,,,미운영,2001-03-16,,,,일반,2020-02-10
"대전광역시",서구,3148211509,건양어린이집,직장,Y,35365,대전광역시 서구 관저동로 158 (가수원동),042-600-6501,042-543-8363,kinder.konyang.ac.kr,7,360,1,,19,117,104,,,미운영,2006-12-19,,,,시간연장형,2020-02-10
"대전광역시",서구,6918001340,경성햇살어린이집,가정,Y,35265,"대전광역시 서구 대덕대로 150 126동 108호 (갈마동, 큰마을아파트)",042-362-4309,042-528-4309,,3,60,0,,6,19,18,,,미운영,1995-12-02,,,,일반,2020-02-10
"대전광역시",서구,3148031234,고우나어린이집,가정,Y,35201,"대전광역시 서구 대덕대로 415 107동 106호 (만년동, 상아아파트)",042-487-3503,,,3,90,0,,6,19,19,,,미운영,2008-02-27,,,,일반,2020-02-10
"대전광역시",서구,7608001082,고운맘어린이집,가정,Y,35202,"대전광역시 서구 만년남로 8 108동 108호 (만년동, 상록수아파트)",042-484-0032,,,3,53,0,,5,15,14,,,미운영,2011-05-16,,,,일반,2020-02-10
"대전광역시",서구,3148007452,고은어린이집,가정,Y,35314,"대전광역시 서구 갈마로 262 112동 102호 (내동, 맑은아침아파트)",042-533-8243,,,3,99,0,,7,20,19,,,운영,2004-07-29,,,,일반,2020-02-10
"대전광역시",서구,6038012821,곰곰이어린이집,가정,Y,35355,"대전광역시 서구 도안동로 177 102동 104호 (도안동, 수목토아파트)",042-545-5577,,,4,75,0,,7,20,20,,,미운영,2015-07-29,,,,일반,2020-02-10
"대전광역시",서구,3148039463,곰돌이어린이집,가정,Y,35235,"대전광역시 서구 둔산남로 30 102동 103호 (둔산동, 녹원아파트)",042-485-9120,042-485-9120,http://cafe.daum.net/Dunsan-Gomdolle,4,70,0,,7,20,20,,,미운영,2006-03-02,,,,일반,2020-02-10
"대전광역시",서구,3148013880,곰비임비어린이집,가정,Y,35297,"대전광역시 서구 가장로 107 205동 102호 (가장동, 삼성래미안아파트)",042-523-9171,,,4,125,0,,6,20,19,,,운영,2006-02-16,,,,일반,2020-02-10
"대전광역시",서구,3148021828,공작어린이집,가정,Y,35251,"대전광역시 서구 문정로 131 3동 107호 (탄방동, 공작한양아파트)",042-472-9556,042-472-9556,,3,99,0,,6,19,16,,,미운영,2010-03-23,,,,일반,2020-02-10
"대전광역시",서구,2148013334,공하나공둘어린이집,가정,Y,35284,"대전광역시 서구 신갈마로 46 102동 102호 (내동, 롯데아파트)",042-365-0102,042-365-0103,www.0102.or.kr,3,105,0,,6,20,18,,,미운영,2005-12-20,,,,시간연장형,2020-02-10
"대전광역시",서구,6858001476,관저더샵제이어린이집,국공립,Y,35375,대전광역시 서구 관저서로 19 관저더샵1차아파트 관리동,042-542-2587,042-543-2587,,6,234,1,,9,62,42,,,미운영,2019-09-27,,,,일반,2020-02-10
"대전광역시",서구,3148209702,관저어린이집,국공립,Y,35371,대전광역시 서구 구봉로 13 (관저동),070-8765-9640,042-544-6815,,7,247,2,,18,84,79,,,미운영,2004-06-01,,,,시간연장형+시간제보육,2020-02-10
"대전광역시",서구,3148018814,관저햇살어린이집,가정,Y,35379,"대전광역시 서구 관저동로90번길 15 107동 101호 (관저동, 관저리슈빌아파트)",042-541-0515,042-367-0104,,3,120,0,,4,20,17,,,미운영,2006-03-07,,,,일반,2020-02-10
"대전광역시",서구,2508000214,구슬어린이집,가정,Y,35297,"대전광역시 서구 가장로 106 110동 104호 (가장동, 삼성래미안아파트)",042-528-5252,042-528-5252,http://cafe.naver.com/rntmf5252,4,141,0,,6,20,19,,,운영,2002-07-26,,,,일반,2020-02-10
"대전광역시",서구,3148030953,굿모닝어린이집,가정,Y,35373,"대전광역시 서구 관저로 84 802동 104호 (관저동, 구봉마을8단지)",042-381-3456,042-381-3456,,3,40,0,,4,13,9,,,미운영,2007-01-05,,,,시간연장형,2020-02-10
"대전광역시",서구,6548000866,그린나래어린이집,가정,Y,35350,"대전광역시 서구 도안북로 125 102동 101호 (도안동, 예미지아파트)",042-824-9100,,,4,72,0,,6,20,20,,,미운영,2012-07-26,,,,일반,2020-02-10
"대전광역시",서구,3148009523,그림동화어린이집,가정,Y,35314,"대전광역시 서구 갈마로 262 114동 103호 (내동, 맑은아침아파트)",042-382-8623,,,4,107,0,,7,19,16,,,운영,2004-08-25,,,,일반,2020-02-10
"대전광역시",서구,3148008733,금샘어린이집,민간,Y,35290,대전광역시 서구 괴정로8번길 41 (괴정동),042-525-5235,,,5,249,3,,9,49,46,,,운영,2001-11-21,,,,시간연장형,2020-02-10
"대전광역시",서구,3148036660,깨금발어린이집,민간,Y,35290,대전광역시 서구 도솔로305번길 72 (괴정동),042-536-7756,,,9,311,2,,13,99,71,,,운영,2012-12-28,,,,일반,2020-02-10
"대전광역시",서구,3148036898,깨비나라어린이집,가정,Y,35275,대전광역시 서구 계룡로342번길 22-7 (갈마동),042-524-8571,042-524-8571,,5,96,0,,4,20,14,,,미운영,2004-02-09,,,,일반,2020-02-10
"대전광역시",서구,3148006773,꼬마대장어린이집,가정,Y,35206,"대전광역시 서구 청사로 282 10동 101호 (둔산동, 수정타운아파트)",042-484-7423,,kka484@hanmail.net,3,79,0,,6,19,19,,,미운영,2000-03-11,,,,일반,2020-02-10
"대전광역시",서구,5398000193,꼬마둥지어린이집,가정,Y,35398,"대전광역시 서구 구봉로 419 101동 105호 (정림동, 강변들금성백조아파트)",042-581-5488,042-581-5488,,3,65,0,,7,19,18,,,운영,2006-09-19,,,,일반,2020-02-10
"대전광역시",서구,3148031684,꼬마랑어린이집,가정,Y,35201,"대전광역시 서구 만년로 25 106동 101호 (만년동, 강변아파트)",042-488-1538,,,4,61,0,,6,20,20,,,미운영,2009-10-30,,,,일반,2020-02-10
"대전광역시",서구,1118002576,꼬마별어린이집,가정,Y,35389,"대전광역시 서구 가수원로 5 502동 106호 (가수원동, 은아아파트)",042-542-7608,042-542-7608,,2,69,0,,3,12,8,,,미운영,2005-05-20,,,,일반,2020-02-10
"대전광역시",서구,3148019230,꼬마사랑어린이집,가정,Y,35285,"대전광역시 서구 동서대로 967 2동 101호 (내동, 코오롱아파트)",042-527-0849,042-527-0849,,4,79,0,,6,19,18,,,미운영,2007-06-04,,,,일반,2020-02-10
"대전광역시",서구,3148006981,꼬마예술어린이집,가정,Y,35358,"대전광역시 서구 관저북로 87 103동 104호 (관저동, 원앙마을1단지아파트)",042-545-9327,042-545-9327,,3,99,0,,4,18,15,,,운영,2006-03-13,,,,일반,2020-02-10
"대전광역시",서구,1898000566,꼬마요정어린이집,가정,Y,35379,"대전광역시 서구 관저동로90번길 47 1106동 102호 (관저동, 느리울마을아파트11단지)",042-385-7979,042-544-7978,,3,112,0,,4,19,15,,,운영,2008-12-04,,,,일반,2020-02-10
"대전광역시",서구,6618001145,꼬마정원어린이집,민간,Y,35381,대전광역시 서구 관저로 184 느리울아파트12단지 관리동 (관저동),042-361-3379,042-365-3380,,4,151,2,,8,27,27,,,미운영,2003-01-16,,,,일반,2020-02-10
"대전광역시",서구,3148013255,꼬마천사어린이집,가정,Y,35265,"대전광역시 서구 대덕대로 150 121동 105호 (갈마동, 큰마을아파트)",042-524-7004,,,3,105,0,,6,19,16,,,미운영,2007-01-04,,,,일반,2020-02-10
"대전광역시",서구,1738000668,꼬마친구어린이집,가정,Y,35210,"대전광역시 서구 청사로 5 109동 105호 (월평동, 하나로아파트)",042-485-5183,,,3,41,0,,4,14,13,,,미운영,2009-11-06,,,,시간연장형,2020-02-10
"대전광역시",서구,3148002710,꾸러기어린이집,민간,Y,35273,대전광역시 서구 갈마로117번길 52 (갈마동),042-532-9223,042-525-3344,chollee26@hanmail.net,9,249,1,,15,88,81,,,운영,1991-08-12,,,,시간연장형,2020-02-10
"대전광역시",서구,3148009182,꿈나라어린이집,가정,Y,35282,"대전광역시 서구 신갈마로 102 201동 106호 (갈마동, 갈마아파트)",042-521-1255,042-521-1255,,3,102,0,,7,20,10,,,미운영,1993-12-27,,,,시간연장형,2020-02-10
"대전광역시",서구,3148002011,꿈나래어린이집,가정,Y,35265,"대전광역시 서구 대덕대로 150 116동 101호 (갈마동, 큰마을아파트)",042-533-7527,042-533-7527,,4,106,0,,7,20,20,,,미운영,1995-11-24,,,,시간연장형,2020-02-10
"대전광역시",서구,7738001185,꿈동산어린이집,민간,Y,35376,"대전광역시 서구 관저서로 20 관리사무소 1층 (관저동, 구봉마을9단지)",042-541-0017,042-541-0017,kys4172@naver.com,3,94,0,,8,34,34,,,운영,2000-09-04,,,,일반,2020-02-10
"대전광역시",서구,7928000737,꿈사랑어린이집,민간,Y,35373,"대전광역시 서구 관저로 84 관리소내 (관저동, 구봉마을 8-1단지)",042-542-2535,042-545-2535,,4,129,2,,9,47,47,,,운영,1999-06-09,,,,일반,2020-02-10
"대전광역시",서구,3148007340,꿈소담어린이집,가정,Y,35215,"대전광역시 서구 청사서로 41 101동 101호 (월평동, 백합아파트)",042-365-5308,,,3,105,0,,7,20,20,,,미운영,2004-12-02,,,,일반,2020-02-10
"대전광역시",서구,3148030201,꿈이있는아이어린이집,가정,Y,35263,"대전광역시 서구 문정로90번길 60 105동 105호 (탄방동, 한우리아파트)",042-486-4799,,,4,60,0,,5,19,19,,,운영,2011-05-13,,,,일반,2020-02-10
"대전광역시",서구,3148009538,꿈이있는어린이집,가정,Y,35386,"대전광역시 서구 가수원로 72 104동 101호 (가수원동, 은아아파트1단지)",042-541-6182,,,4,102,0,,8,20,20,,,운영,2005-05-10,,,,시간연장형,2020-02-10
"대전광역시",서구,7158001267,꿈이큰어린이집,가정,Y,35262,"대전광역시 서구 계룡로571번길 65 107동 102호 (탄방동, 산호아파트)",042-484-6222,042-487-9363,,4,59,0,,6,20,20,,,운영,2008-03-13,,,,일반,2020-02-10
"대전광역시",서구,3148042901,나나어린이집,가정,Y,35386,"대전광역시 서구 가수원로 72 105동 106호 (가수원동, 은아아파트1단지)",042-541-3888,,,3,102,0,,6,19,18,,,운영,2006-02-01,,,,일반,2020-02-10
"대전광역시",서구,3148031821,나래어린이집,민간,Y,35374,"대전광역시 서구 관저로 48 (관저동, 구봉마을7단지)",042-542-7171,042-542-0220,http://cafe.daum.net/5427171,5,260,1,,10,61,57,,,운영,1999-06-24,,,,일반,2020-02-10
"대전광역시",서구,6508000582,나르매어린이집,민간,Y,35297,"대전광역시 서구 가장로 107 관리사무소 1층 (가장동, 삼성래미안아파트)",042-538-8404,,,3,128,0,,6,27,23,,,미운영,2004-02-18,,,,일반,2020-02-10
"대전광역시",서구,7248000660,나무와숲어린이집,민간,Y,35335,대전광역시 서구 제비네6길 70 (도마동),042-523-7089,042-535-4744,,9,385,0,,4,39,26,,,미운영,2004-03-02,,,,일반,2020-02-10
"대전광역시",서구,3148017299,나클래어린이집,가정,Y,35407,"대전광역시 서구 복수동로 21-20 201동 105호 (복수동, 초록마을2단지아파트)",042-345-5325,042-345-5325,,3,99,0,,6,19,19,,,미운영,2005-03-30,,,,일반,2020-02-10
"대전광역시",서구,3148036525,내동어린이집,민간,Y,35313,대전광역시 서구 도산로253번길 90 (내동),042-533-5258,042-365-5992,,7,191,1,,12,68,60,,,운영,2000-03-25,,,,시간연장형,2020-02-10
"대전광역시",서구,2388000271,널싱맘어린이집,가정,Y,35367,"대전광역시 서구 도안동로 77 1803동 103호 (도안동, 도안18단지 린풀하우스)",042-257-1530,,,4,73,0,,6,20,20,,,미운영,1991-08-12,,,,일반,2020-02-10
"대전광역시",서구,3148035114,네버랜드어린이집,가정,Y,35218,"대전광역시 서구 청사로 70 108동 104호 (월평동, 누리아파트)",042-486-1868,042-483-1868,http://cafe.naver.com/1004neverland2012,4,126,0,,6,18,18,,,미운영,2012-07-06,,,,일반,2020-02-10
"대전광역시",서구,3148012130,누리어린이집,가정,Y,35218,"대전광역시 서구 청사로 70 116동 108호 (월평동, 누리아파트)",042-487-0480,,http://blog.naver.com/nuri108,2,99,0,,3,18,15,,,미운영,2003-03-01,,,,일반,2020-02-10
"대전광역시",서구,3148028006,느리울어린이집,가정,Y,35381,"대전광역시 서구 관저로 184 1209동 104호 (관저동, 느리울마을아파트12단지)",042-546-7942,,,3,112,0,,7,20,20,,,운영,2006-03-21,,,,일반,2020-02-10
"대전광역시",서구,3148026672,늘기쁜원앙어린이집,민간,Y,35364,"대전광역시 서구 관저북로 14 (관저동, 원앙마을4단지아파트)",042-543-7942,,,3,74,1,,7,25,25,,,미운영,1997-08-08,,,,일반,2020-02-10
"대전광역시",서구,5888000948,늘사랑어린이집,가정,Y,35265,"대전광역시 서구 대덕대로 150 125동 105호 (갈마동, 큰마을아파트)",042-527-7458,042-527-7458,,3,105,0,,3,20,9,,,운영,2006-04-18,,,,일반,2020-02-10
"대전광역시",서구,3148011562,늘햇살어린이집,가정,Y,302865,"대전광역시 서구 유등로17번길 109 503동 106호 (복수동, 초록마을5단지아파트)",042-583-7896,,,4,115,0,,5,20,14,,,미운영,2005-12-30,,,,일반,2020-02-10
"대전광역시",서구,1868000849,다모아꼬마숲어린이집,가정,Y,35210,"대전광역시 서구 월평동로 83 110동 109호 (월평동, 다모아아파트)",042-488-7887,042-488-7887,,3,84,0,,3,18,10,,,미운영,2009-07-15,,,,일반,2020-02-10
"대전광역시",서구,3148007020,다모아어린이집,가정,Y,35210,"대전광역시 서구 월평동로 83 111동 102호 (월평동, 다모아아파트)",042-484-5765,042-484-5765,,3,103,0,,6,20,20,,,운영,2000-03-08,,,,일반,2020-02-10
"대전광역시",서구,3148022453,다솔어린이집,가정,Y,35346,"대전광역시 서구 배재로 155-7 106동 103호 (도마동, 경남아파트2단지)",042-365-5633,042-365-5633,,3,102,0,,4,18,14,,,운영,2010-01-12,,,,일반,2020-02-10
"대전광역시",서구,3148006939,다솜어린이집,가정,Y,35383,"대전광역시 서구 구봉산북로 165 316동 104호 (관저동, 다온숲아파트)",042-545-8982,,,4,99,0,,5,20,20,,,미운영,2001-09-14,,,,일반,2020-02-10
"대전광역시",서구,3148021890,다솜예능어린이집,가정,Y,35266,대전광역시 서구 갈마로147번길 88 1층 (갈마동),042-526-5954,042-000-0000,,3,109,0,,4,20,20,,,운영,2010-03-30,,,,일반,2020-02-10
"대전광역시",서구,3148043609,다연어린이집,가정,Y,35367,"대전광역시 서구 도안동로 77 1811동 102호 (도안동, 도안18단지 린 풀하우스)",042-345-0026,042-345-0026,,4,74,0,,6,20,20,,,미운영,2014-12-23,,,,일반,2020-02-10
"대전광역시",서구,3148015438,다예린어린이집,민간,Y,35289,대전광역시 서구 도솔로 257-2 (내동),042-531-5757,,http://cafe.daum.net/d5757,9,341,1,,19,110,109,,,운영,2008-01-10,,,,시간연장형,2020-02-10
"대전광역시",서구,3148033625,다온빛어린이집,가정,Y,35297,"대전광역시 서구 가장로 107 205동 104호 (가장동, 삼성래미안아파트)",042-365-1232,042-365-1235,,4,125,0,,7,20,18,,,미운영,2007-12-03,,,,일반,2020-02-10
"대전광역시",서구,1278061056,다온숲어린이집,민간,Y,35383,대전광역시 서구 구봉산북로 165 다온숲아파트 3단지,042-543-0179,042-543-0180,,7,232,1,,13,85,85,,,미운영,2016-08-03,,,,일반,2020-02-10
"대전광역시",서구,3148007433,다운어린이집,가정,Y,35201,"대전광역시 서구 만년로 45 107동 102호 (만년동, 초원아파트)",042-482-9147,042-482-9147,,3,76,0,,3,14,4,,,미운영,2002-11-06,,,,일반,2020-02-10
"대전광역시",서구,3148014633,다원어린이집,민간,Y,35394,대전광역시 서구 정림로66번길 39 (정림동),042-583-3349,042-583-3349,,6,318,1,,11,74,74,,,운영,2007-09-04,,,,일반,2020-02-10
"대전광역시",서구,3148027007,다정어린이집,민간,Y,35358,"대전광역시 서구 관저북로 87 관리사무소 (관저동, 원앙마을1단지아파트)",042-545-1888,,,3,100,1,,6,28,23,,,운영,2003-03-02,,,,일반,2020-02-10
"대전광역시",서구,3148037655,다하어린이집,가정,Y,35210,"대전광역시 서구 월평동로 83 111동 106호 (월평동, 다모아아파트)",042-486-7982,042-486-7982,,3,56,0,,5,19,17,,,미운영,2006-03-31,,,,일반,2020-02-10
"대전광역시",서구,3148007108,다희어린이집,가정,Y,35364,"대전광역시 서구 관저북로 14 412동 102호 (관저동, 원앙마을4단지아파트)",042-544-9940,,,2,60,0,,4,11,9,,,미운영,2006-06-01,,,,일반,2020-02-10
"대전광역시",서구,3148003586,달이어린이집,민간,Y,302803,대전광역시 서구 가장로 132 (가장동),042-526-6993,042-527-6993,,9,337,1,,12,119,89,,,운영,1995-01-18,,,,일반,2020-02-10
"대전광역시",서구,3148033455,대교대전어린이집,직장,Y,35229,대전광역시 서구 대덕대로 239 대교 눈높이센터 (둔산동),042-479-4600,042-479-4609,child.edupia.com,4,420,1,,12,65,45,,,미운영,2007-04-26,,,,시간연장형,2020-02-10
"대전광역시",서구,7068000890,대아어린이집,가정,Y,35344,"대전광역시 서구 배재로 185 101동 103호 (도마동, 대아아파트)",042-364-3561,,,3,69,0,,4,16,7,,,운영,2009-09-10,,,,일반,2020-02-10
"대전광역시",서구,7618001218,대전검찰어린이집,직장,Y,35237,대전광역시 서구 둔산중로78번길 15,042-470-3580,,,4,251,1,,9,50,23,,,미운영,2019-02-18,,,,일반,2020-02-10
"대전광역시",서구,3208000449,대전경찰청어린이집,직장,Y,35238,대전광역시 서구 둔산중로 77 (둔산동),042-488-0012,,,6,245,1,,21,80,78,,,미운영,2016-08-18,,,,일반,2020-02-10
"대전광역시",서구,3148033469,대전광역시립어린이집,국공립,Y,35276,대전광역시 서구 신갈마로195번길 51 (갈마동),042-521-0835,042-521-0837,,17,674,1,,31,90,87,,,미운영,2003-03-14,,,,영아전담+시간연장형,2020-02-10
"대전광역시",서구,3148011295,대전광역시청어린이집,직장,Y,35242,대전광역시 서구 둔산로 100 (둔산동),042-270-2358,042-471-6270,,6,183,1,,14,62,58,,,미운영,1996-02-01,,,,일반,2020-02-10
"대전광역시",서구,3148028781,대전법원어린이집,직장,Y,35263,대전광역시 서구 문정로90번길 81 (탄방동),042-477-3339,042-489-3336,,6,339,2,,13,73,45,,,미운영,2011-02-17,,,,일반,2020-02-10
"대전광역시",서구,3148042823,대전숲어린이집,민간,Y,35377,대전광역시 서구 계백로776번길 115 (관저동),042-546-3100,042-546-3600,http://cafe.naver.com/djforest/,11,407,1,,19,138,135,,,운영,2011-02-25,,,,일반,2020-02-10
"대전광역시",서구,3148006526,대전아이사랑어린이집,민간,Y,35319,대전광역시 서구 도솔로 214 (변동),042-526-6388,042-526-6388,http://cafe.daum.net/beautykid,7,301,2,,15,93,83,,,운영,2005-01-27,,,,시간연장형,2020-02-10
"대전광역시",서구,3148209148,대전원광어린이집,법인·단체,Y,35354,대전광역시 서구 원도안로224번길 47-27 (가수원동),042-542-1022,042-542-1021,http://cafe.daum.net/Djwonkwang,4,296,0,,9,49,34,,,운영,1991-09-28,,,,일반,2020-02-10
"대전광역시",서구,3388000402,대전청사다솜어린이집,직장,Y,35208,대전광역시 서구 청사로 189 정부대전청사,042-719-8082,,,15,697,2,,47,200,196,,,미운영,2016-02-26,,,,시간연장형,2020-02-10
"대전광역시",서구,3148019657,대전청사새롬어린이집,직장,Y,35208,대전광역시 서구 청사로 189 정부대전청사 (둔산동),042-481-6422,042-483-2142,saeromkids.com,12,682,1,,48,200,189,,,미운영,2009-08-28,,,,시간연장형,2020-02-10
"대전광역시",서구,3998001411,대전청사아람어린이집,직장,Y,35208,대전광역시 서구 청사로 189 정부대전청사 (둔산동),042-472-4200,042-472-3356,http://tjkid.co.kr,17,1039,1,,58,300,281,,,미운영,1998-08-01,,,,시간연장형,2020-02-10
"대전광역시",서구,1428038549,대한어린이집,민간,Y,35211,"대전광역시 서구 월평북로 11 , 관리소 2층(월평동, 주공2단지아파트)",042-484-8888,042-483-6002,http://www.koreachild.co.kr/,6,189,5,,13,70,69,,,운영,1994-04-04,,,,시간연장형,2020-02-10
"대전광역시",서구,3548000331,델타샌드어린이집,민간,Y,35314,"대전광역시 서구 갈마로 262 관리동1층 (내동, 맑은아침아파트)",042-527-0105,,,4,188,0,,7,44,32,,,미운영,2005-06-23,,,,일반,2020-02-10
"대전광역시",서구,3148030332,도담도담어린이집,가정,Y,35297,"대전광역시 서구 가장로 106 108동 103호 (가장동, 삼성래미안아파트)",042-522-5305,042-385-5353,,4,126,0,,6,20,11,,,미운영,2006-03-30,,,,일반,2020-02-10
"대전광역시",서구,3148030462,도담어린이집,가정,Y,35372,"대전광역시 서구 관저로 83 212동 101호 (관저동, 신선마을아파트)",042-362-1413,042-362-1413,,3,99,0,,6,20,20,,,운영,2005-01-14,,,,일반,2020-02-10
"대전광역시",서구,3148031874,도안새싹어린이집,가정,Y,35351,"대전광역시 서구 도안북로 136 102동 104호 (도안동, 한라비발디아파트)",042-823-0270,042-823-0270,,3,57,0,,6,20,20,,,미운영,2011-11-10,,,,일반,2020-02-10
"대전광역시",서구,3668000256,도안성모어린이집,가정,Y,35355,"대전광역시 서구 도안동로 177 109동 103호 (도안동, 수목토아파트)",042-345-5581,042-345-5581,,4,104,0,,6,20,20,,,미운영,2015-11-23,,,,일반,2020-02-10
"대전광역시",서구,3148041561,도안아이파크어린이집,민간,Y,35355,"대전광역시 서구 도안동로 183 (도안동, 도안아이파크)",042-543-1223,,,6,161,1,,10,59,57,,,미운영,2014-02-26,,,,일반,2020-02-10
"대전광역시",서구,3148043050,도안어린이집,가정,Y,35356,"대전광역시 서구 도안동로 123 1701동 101호 (도안동, 도안리슈빌아파트)",042-301-1700,042-301-1700,,4,73,0,,6,20,18,,,미운영,2014-09-30,,,,일반,2020-02-10
"대전광역시",서구,3148037413,도안예미지어린이집,민간,Y,35350,"대전광역시 서구 도안북로 125 (도안동, 예미지아파트)",042-825-5666,,,4,120,0,,9,44,42,,,미운영,2013-02-26,,,,일반,2020-02-10
"대전광역시",서구,2318005009,도안하바어린이집,가정,Y,35351,"대전광역시 서구 도안북로 136 105동 101호 (도안동, 한라비발디아파트)",042-524-7555,042-524-7555,,3,96,0,,7,20,20,,,미운영,2011-12-20,,,,일반,2020-02-10
"대전광역시",서구,3148003096,동그라미어린이집,민간,Y,35329,대전광역시 서구 배재로172번길 41 (도마동),042-527-1450,,dgrm01@hanmail.net,4,130,0,,5,45,30,,,운영,1993-12-29,,,,일반,2020-02-10
"대전광역시",서구,3148012159,동화나라어린이집,가정,Y,302904,"대전광역시 서구 관저북로 80 209동 103호 (관저동, 원앙마을2단지아파트)",042-369-1002,,,3,79,0,,6,15,14,,,미운영,2006-05-09,,,,일반,2020-02-10
"대전광역시",서구,3148035133,동화숲어린이집,가정,Y,35216,"대전광역시 서구 청사로 65 110동 103호 (월평동, 황실타운아파트)",042-488-6088,,,3,59,0,,6,19,19,,,미운영,1998-06-22,,,,일반,2020-02-10
"대전광역시",서구,5958001590,둔산가람어린이집,가정,Y,35244,"대전광역시 서구 둔산북로 215 15동 101호 (둔산동, 가람아파트)",070-7557-4288,070-7557-4288,,4,88,1,,6,20,20,,,미운영,2010-06-22,,,,일반,2020-02-10
"대전광역시",서구,3148026745,둔산새싹나라어린이집,민간,Y,35245,"대전광역시 서구 둔산로 201 유치원동 (둔산동, 국화아파트)",042-485-0396,042-482-8947,,7,347,1,,13,81,69,,,운영,2008-02-13,,,,일반,2020-02-10
"대전광역시",서구,3148035680,둔산어린이집,국공립,Y,35246,"대전광역시 서구 둔산로 241 (둔산동, 보라아파트)",042-482-8137,042-482-8137,,3,250,1,,7,42,38,,,미운영,1993-01-01,,,,시간연장형,2020-02-10
"대전광역시",서구,3148015743,둔산큰별어린이집,민간,Y,35257,대전광역시 서구 도솔로 454 (탄방동),042-485-8910,042-485-8919,,16,617,2,,26,207,187,,,운영,2008-02-19,,,,일반,2020-02-10
"대전광역시",서구,3148027098,둥근별어린이집,가정,Y,35282,"대전광역시 서구 신갈마로 102 302동 102호 (갈마동, 갈마아파트)",042-535-4527,,,4,52,0,,4,19,9,,,미운영,2006-12-15,,,,일반,2020-02-10
"대전광역시",서구,3148035282,둥지어린이집,가정,Y,35207,"대전광역시 서구 청사로 254 112동 101호 (둔산동, 둥지아파트)",042-382-3370,042-382-3370,,3,59,0,,5,19,15,,,미운영,2011-01-18,,,,일반,2020-02-10
"대전광역시",서구,3148042293,드림아이어린이집,가정,Y,35356,"대전광역시 서구 원도안로 100 108동 102호(도안동, 도안베르디움)",042-385-1001,042-385-1001,,3,76,0,,7,20,20,,,미운영,2014-05-23,,,,일반,2020-02-10
"대전광역시",서구,7818000945,드림키즈어린이집,민간,Y,35351,"대전광역시 서구 도안북로 136 (도안동, 한라비발디아파트)",042-541-9898,,,3,120,0,,7,42,26,,,미운영,2012-05-07,,,,일반,2020-02-10
"대전광역시",서구,4028050877,등불어린이집,법인·단체,Y,35256,대전광역시 서구 탄방로 35 (탄방동),042-485-1482,042-485-1482,,5,258,1,,17,99,83,,,운영,1996-08-29,,,,일반,2020-02-10
"대전광역시",서구,3148007146,딩동댕어린이집,가정,Y,35235,"대전광역시 서구 둔산남로 30 103동 106호 (둔산동, 녹원아파트)",042-485-8623,,,3,76,0,,4,15,11,,,미운영,1993-12-30,,,,시간연장형,2020-02-10
"대전광역시",서구,3268000340,따뜻한하루어린이집,가정,Y,35384,"대전광역시 서구 관저동로 12 105동 101호 (관저동, 효성해링턴)",042-535-0202,042-544-8221,,4,60,1,,4,20,17,,,미운영,1993-12-30,,,,일반,2020-02-10
"대전광역시",서구,3148033339,또래또래어린이집,민간,Y,35329,대전광역시 서구 도마로19번길 52 (도마동),042-584-9001,042-587-7922,,5,133,0,,8,46,39,,,운영,2005-12-14,,,,일반,2020-02-10
"대전광역시",서구,2518001138,또래모아어린이집,가정,Y,35314,"대전광역시 서구 갈마로 262 122동 106호 (내동, 맑은아침아파트)",042-535-0287,,,4,110,0,,7,20,20,,,미운영,2004-07-29,,,,일반,2020-02-10
"대전광역시",서구,4358000120,라온어린이집,민간,Y,35347,대전광역시 서구 배재로 107-9 (도마동),042-522-8123,042-525-9040,,6,235,1,,9,49,49,,,운영,1992-11-13,,,,일반,2020-02-10
"대전광역시",서구,3148043384,리슈빌어린이집,가정,Y,35356,"대전광역시 서구 도안동로 123 1708동 104호 (도안동, 도안리슈빌아파트)",042-543-6001,042-543-6001,도안리슈빌naver.com,4,74,0,,6,20,17,,,미운영,2014-11-25,,,,일반,2020-02-10
"대전광역시",서구,5128026335,리조이스어린이집,가정,Y,35372,"대전광역시 서구 관저로 83 203동 103호 (관저동, 신선마을아파트)",042-361-6035,,,3,125,0,,6,20,20,,,운영,2002-10-04,,,,일반,2020-02-10
"대전광역시",서구,4738001188,리틀아이사랑어린이집,가정,Y,35344,"대전광역시 서구 배재로 185 106동 102호 (도마동, 대아아파트)",042-525-6388,042-525-0016,kyung9015@hanmail.net,3,84,0,,4,19,10,,,운영,2010-08-19,,,,일반,2020-02-10
"대전광역시",서구,3148034721,리틀은아어린이집,가정,Y,35386,"대전광역시 서구 가수원로 72 102동 106호 (가수원동, 은아아파트1단지)",042-541-3399,042-541-3399,http://cafe.naver.com/5413399,3,57,0,,7,20,20,,,운영,2000-03-01,,,,일반,2020-02-10
"대전광역시",서구,3148017509,리틀포비어린이집,가정,Y,35321,대전광역시 서구 동서대로1080번길 59 (변동),042-534-4335,,,3,102,0,,3,20,10,,,운영,2008-12-26,,,,일반,2020-02-10
"대전광역시",서구,8718001679,마루미어린이집,국공립,Y,35404,대전광역시 서구 복수중로 30 관리동,042-583-8603,,,4,78,2,,5,28,24,,,미운영,2020-01-01,,,,일반,2020-02-10
"대전광역시",서구,3148038329,마루어린이집,가정,Y,35407,"대전광역시 서구 복수동로51번길 43 304동 104호 (복수동, 초록마을3단지아파트)",042-584-7942,042-584-7942,,3,65,0,,6,20,17,,,미운영,2006-03-02,,,,일반,2020-02-10
"대전광역시",서구,3148019389,마음어린이집,가정,Y,35358,"대전광역시 서구 관저북로 80 204동 104호 (관저동, 원앙마을2단지아파트)",042-322-9998,042-322-9998,http://cafe.daum.net/heartkids,3,75,0,,4,15,15,,,운영,2009-07-27,,,,일반,2020-02-10
"대전광역시",서구,3148007637,만년어린이집,민간,Y,35200,대전광역시 서구 만년남로11번길 50 1층 (만년동),042-487-6428,,http://club.cyworld.com/lovemn,6,330,1,,0,67,0,,,운영,1997-01-04,,,,일반,2020-02-10
"대전광역시",서구,3148028011,맑고행복한어린이집,가정,Y,35375,"대전광역시 서구 관저서로 19 106동 104호 (관저동, 관저더샵아파트)",042-362-6410,,,4,100,0,,7,20,20,,,미운영,2007-10-10,,,,일반,2020-02-10
"대전광역시",서구,3148033057,맑은누리어린이집,가정,Y,35263,"대전광역시 서구 문정로90번길 60 107동 103호 (탄방동, 한우리아파트)",042-485-7878,,,4,102,0,,7,20,20,,,운영,2006-03-09,,,,일반,2020-02-10
"대전광역시",서구,3148007826,맑은샘어린이집,가정,Y,35207,"대전광역시 서구 청사로 254 109동 108호 (둔산동, 둥지아파트)",042-384-3850,,,3,102,0,,6,20,20,,,미운영,2004-03-02,,,,일반,2020-02-10
"대전광역시",서구,3148032039,맑은아침어린이집,가정,Y,35314,"대전광역시 서구 갈마로 262 106동 101호 (내동, 맑은아침아파트)",042-524-7940,,,4,110,0,,6,20,16,,,운영,2004-07-09,,,,일반,2020-02-10
"대전광역시",서구,5019900680,명성어린이집,민간,Y,35294,대전광역시 서구 도솔로296번길 48 (괴정동),042-525-5217,042-525-5217,www.myj7252@hanmail.net,8,214,1,,8,39,36,,,운영,1999-10-22,,,,일반,2020-02-10
"대전광역시",서구,3148022166,모모어린이집,가정,Y,35246,"대전광역시 서구 둔산로 223 6동 101호(둔산동, 청솔아파트)",042-362-1882,,,4,138,0,,6,20,20,,,미운영,2010-04-20,,,,일반,2020-02-10
"대전광역시",서구,3148003378,목련어린이집,국공립,Y,35284,대전광역시 서구 신갈마로 58-22 (내동),042-523-2506,042-522-2506,,5,186,1,,10,69,61,,,미운영,1997-02-01,,,,시간연장형,2020-02-10
"대전광역시",서구,6228002227,목화사랑어린이집,가정,Y,35404,"대전광역시 서구 복수서로 50 105동 106호 (복수동, 삼익목화아파트)",042-368-2355,042-368-2355,,3,102,0,,4,20,16,,,운영,2006-12-01,,,,일반,2020-02-10
"대전광역시",서구,3148006400,무지개나라어린이집,가정,Y,35252,대전광역시 서구 남선로59번길 32 (탄방동),042-489-9383,,,4,114,0,,4,20,13,,,운영,2005-01-30,,,,일반,2020-02-10
"대전광역시",서구,3148010689,미소어린이집,민간,Y,35411,"대전광역시 서구 유등로17번길 109 관리동 1층 (복수동, 초록마을5단지아파트)",042-585-5505,042-585-5505,,4,140,1,,7,33,24,,,운영,2005-12-28,,,,일반,2020-02-10
"대전광역시",서구,7528000587,미소짓는어린이집,가정,Y,35376,"대전광역시 서구 관저서로 20 912동 104호 (관저동, 구봉마을9단지)",042-541-7808,042-541-7808,,3,79,0,,6,18,17,,,미운영,2006-04-10,,,,일반,2020-02-10
"대전광역시",서구,3148037558,미키미니어린이집,가정,Y,35386,"대전광역시 서구 가수원로 72 104동 103호 (가수원동, 은아아파트1단지)",042-542-3575,042-542-3575,ssnta27@hanmail.net,3,102,0,,7,19,18,,,운영,2004-01-20,,,,일반,2020-02-10
"대전광역시",서구,4018016459,미피어린이집,가정,Y,35251,"대전광역시 서구 문예로 16 12동 103호 (탄방동, 한가람아파트)",042-362-7333,042-362-7333,clover112277@hanmail.net,4,60,0,,6,20,19,,,미운영,2006-02-09,,,,시간연장형,2020-02-10
"대전광역시",서구,3148043778,민들레와강아지똥어린이집,가정,Y,35379,"대전광역시 서구 관저동로90번길 47 1111동 104호 (관저동, 느리울마을아파트11단지)",042-365-4700,,,4,109,0,,6,20,19,,,운영,2004-08-05,,,,일반,2020-02-10
"대전광역시",서구,3148004872,반지어린이집,민간,Y,35231,대전광역시 서구 계룡로 379-25 (갈마동),042-487-3443,042-487-3443,,6,270,1,,9,34,28,,,운영,2003-09-01,,,,영아전담,2020-02-10
"대전광역시",서구,3148038047,밝은뜰어린이집,가정,Y,35364,"대전광역시 서구 관저북로 14 401동 104호 (관저동, 원앙마을4단지아파트)",042-545-1469,,,4,50,0,,7,18,15,,,미운영,2007-10-29,,,,시간연장형,2020-02-10
"대전광역시",서구,3148040091,배꼽손어린이집,가정,Y,35374,"대전광역시 서구 관저로 48 701동 104호 (관저동, 구봉마을7단지)",042-541-5587,042-541-5587,6498sky@naver.com,3,80,0,,4,15,13,,,운영,2008-02-18,,,,일반,2020-02-10
"대전광역시",서구,6808000943,배꼽어린이집,가정,Y,35314,"대전광역시 서구 갈마로 262 102동 106호 (내동, 맑은아침아파트)",042-524-4502,042-524-4502,http://cafe.naver.com/yekkumbebe,3,54,0,,5,20,19,,,미운영,2004-08-25,,,,일반,2020-02-10
"대전광역시",서구,3148200109,배재대학교부속어린이집,법인·단체,Y,35345,대전광역시 서구 배재로 155-40 (도마동),042-520-5778,042-520-5779,,5,299,2,,10,59,49,,,미운영,1999-01-23,,,,일반,2020-02-10
"대전광역시",서구,3148008728,백운어린이집,민간,Y,35269,대전광역시 서구 도솔로357번길 27 (괴정동),042-532-3302,042-532-3352,,4,180,1,,6,39,37,,,운영,2005-01-27,,,,일반,2020-02-10
"대전광역시",서구,3148043690,베르디움어린이집,민간,Y,35356,"대전광역시 서구 원도안로 100 (도안동, 도안베르디움)",042-542-4864,042-542-4864,,6,137,1,,9,51,48,,,미운영,2014-12-31,,,,일반,2020-02-10
"대전광역시",서구,3148033552,베베하우스어린이집,가정,Y,35206,"대전광역시 서구 청사로 282 5동 101호 (둔산동, 수정타운아파트)",042-489-8221,,mr8610@daum.net,4,85,0,,5,20,19,,,미운영,2006-06-01,,,,일반,2020-02-10
"대전광역시",서구,3148028122,베이비좋아어린이집,가정,Y,35381,"대전광역시 서구 관저로 184 1204동 101호 (관저동, 느리울마을아파트12단지)",042-545-7943,,,3,102,0,,7,20,20,,,운영,2007-11-22,,,,일반,2020-02-10
"대전광역시",서구,3148034605,베이비캐슬어린이집,가정,Y,35314,"대전광역시 서구 갈마로 262 122동 105호 (내동, 맑은아침아파트)",042-364-0765,042-364-0765,,4,110,0,,6,20,19,,,미운영,2004-09-02,,,,일반,2020-02-10
"대전광역시",서구,6468000017,별그림어린이집,가정,Y,35235,"대전광역시 서구 둔산남로 30 105동 108호 (둔산동, 녹원아파트)",042-389-0123,042-389-0123,,3,68,0,,6,20,20,,,미운영,2012-05-01,,,,일반,2020-02-10
"대전광역시",서구,4208000977,별나라어린이집,민간,Y,35275,대전광역시 서구 계룡로354번길 20 (갈마동),042-531-5497,042-531-5497,,8,437,2,,15,114,68,,,운영,1994-07-12,,,,일반,2020-02-10
"대전광역시",서구,3148035434,별누리어린이집,가정,Y,35249,"대전광역시 서구 둔산남로 127 203동 101호 (둔산동,목련아파트)",042-472-5505,042-472-5505,,4,57,0,,6,20,20,,,미운영,2012-09-11,,,,일반,2020-02-10
"대전광역시",서구,3148041940,별님달님어린이집,가정,Y,35398,"대전광역시 서구 정림서로 114 103동 106호 (정림동, 삼정아파트)",042-582-0153,042-582-0154,,3,105,0,,7,19,19,,,운영,1998-04-08,,,,일반,2020-02-10
"대전광역시",서구,4648000526,별사랑어린이집,가정,Y,35358,"대전광역시 서구 관저북로 80 206동 103호 (관저동, 원앙마을2단지아파트)",042-542-7966,042-542-7955,,3,75,0,,6,18,16,,,미운영,2009-03-18,,,,시간연장형,2020-02-10
"대전광역시",서구,3148007224,별초롱어린이집,가정,Y,35201,"대전광역시 서구 만년로 25 104동 102호 (만년동, 강변아파트)",042-487-4515,042-487-4515,,4,127,0,,6,20,20,,,미운영,2006-03-20,,,,일반,2020-02-10
"대전광역시",서구,3148013600,보라어린이집,국공립,Y,35396,대전광역시 서구 계백로1286번길 86 (정림동),042-584-4459,042-367-4459,www.jlswc.or.kr,3,101,0,,11,20,18,,,운영,2003-04-30,,,,장애아전문,2020-02-10
"대전광역시",서구,3148038862,보물섬어린이집,가정,Y,35284,"대전광역시 서구 신갈마로 46 103동 102호 (내동, 롯데아파트)",042-532-6355,042-532-6355,,4,84,0,,6,20,18,,,운영,2006-01-06,,,,일반,2020-02-10
"대전광역시",서구,3148005532,봉산어린이집,민간,Y,35277,대전광역시 서구 신갈마로211번안길 86 (갈마동),042-522-1103,042-532-9436,,4,204,0,,9,45,29,,,운영,2000-07-01,,,,시간연장형,2020-02-10
"대전광역시",서구,3148035394,브니엘어린이집,가정,Y,35404,"대전광역시 서구 복수서로 50 103동 101호 (복수동,삼익목화아파트)",042-585-2200,042-585-2200,,4,81,0,,5,20,18,,,미운영,2006-06-02,,,,일반,2020-02-10
"대전광역시",서구,3148030900,비비창의어린이집,민간,Y,35342,대전광역시 서구 변동서로12번길 52 (변동),042-533-7313,042-533-7615,,7,181,1,,14,66,60,,,운영,2005-01-20,,,,시간연장형,2020-02-10
"대전광역시",서구,1028001796,비젼어린이집,협동,Y,35306,대전광역시 서구 유등로 489,042-824-1258,042-528-2004,,4,131,0,,4,39,19,,,운영,2017-02-20,,,,일반,2020-02-10
"대전광역시",서구,3148022564,비파어린이집,가정,Y,35317,대전광역시 서구 중반2길 29 (변동),042-535-4391,042-535-4381,http://cafe.daum.net/sacrificer,4,83,0,,3,15,8,,,미운영,2010-06-10,,,,시간연장형,2020-02-10
"대전광역시",서구,3148017547,빛나어린이집,가정,Y,35371,"대전광역시 서구 관저로 51 508동 103호 (관저동, 구봉마을5단지)",042-544-5253,,,3,108,0,,6,19,18,,,운영,2007-04-26,,,,일반,2020-02-10
"대전광역시",서구,3148034639,뿌리랑새싹어린이집,가정,Y,35373,"대전광역시 서구 관저로 84 812동 104호 (관저동, 구봉마을8단지)",042-544-2467,042-544-2467,,3,56,0,,6,18,18,,,운영,1999-06-26,,,,일반,2020-02-10
"대전광역시",서구,3148004945,사과나무어린이집,민간,Y,35301,대전광역시 서구 괴정로149번길 47 (용문동),042-527-8004,042-527-8004,,7,173,1,,12,62,60,,,운영,2003-08-02,,,,시간연장형,2020-02-10
"대전광역시",서구,3148040131,사랑가득어린이집,가정,Y,35355,"대전광역시 서구 도안동로 183 1503동 103호 (도안동, 도안아이파크)",042-542-5054,042-542-5054,,4,70,0,,4,20,18,,,미운영,2013-12-03,,,,일반,2020-02-10
"대전광역시",서구,3148041222,사랑꽃어린이집,가정,Y,35407,"대전광역시 서구 복수동로 21-20 204동 102호 (복수동, 초록마을2단지아파트)",042-364-5325,042-364-5325,,4,102,0,,7,20,20,,,미운영,2007-03-12,,,,일반,2020-02-10
"대전광역시",서구,3148034056,사랑나무숲어린이집,가정,Y,35265,"대전광역시 서구 대덕대로 150 108동 109호 (갈마동, 큰마을아파트)",042-533-3993,042-523-3992,,3,105,0,,7,20,20,,,미운영,2006-03-20,,,,일반,2020-02-10
"대전광역시",서구,3148039949,사랑별어린이집,가정,Y,35297,"대전광역시 서구 가장로 107 202동 101호 (가장동, 삼성래미안아파트)",042-369-3869,,,4,126,0,,7,20,20,,,운영,2003-02-17,,,,일반,2020-02-10
"대전광역시",서구,3148007258,사랑샘어린이집,가정,Y,35284,"대전광역시 서구 신갈마로 46 118동 104호 (내동, 롯데아파트)",042-527-6286,042-382-6286,,4,99,0,,6,20,17,,,운영,2006-03-10,,,,일반,2020-02-10
"대전광역시",서구,3148043332,사랑숲어린이집,가정,Y,35356,"대전광역시 서구 도안동로 123 1702동 103호 (도안동, 도안리슈빌아파트)",042-546-3377,042-000-0000,,4,79,0,,6,20,20,,,미운영,2014-09-26,,,,일반,2020-02-10
"대전광역시",서구,6458000921,사랑어린이집,가정,Y,35386,"대전광역시 서구 가수원로 98 3동 101호 (가수원동, 계룡아파트)",042-542-4908,042-542-4908,,4,105,0,,4,20,10,,,운영,2004-07-07,,,,시간연장형,2020-02-10
"대전광역시",서구,3148032325,사랑해요어린이집,가정,Y,302812,"대전광역시 서구 관저로 51 513동 106호 (관저동, 구봉마을5단지)",042-542-0782,042-542-0782,,3,105,0,,5,20,12,,,운영,2007-12-28,,,,일반,2020-02-10
"대전광역시",서구,3148210572,사회복지법인혜성어린이집,사회복지법인,Y,35337,대전광역시 서구 도학2길 21 (도마동),042-538-7942,042-538-7943,,12,195,3,,16,61,60,,,운영,2005-10-28,,,,시간연장형,2020-02-10
"대전광역시",서구,3148032475,산토끼어린이집,가정,Y,35265,"대전광역시 서구 대덕대로 150 111동 105호 (갈마동, 큰마을아파트)",042-533-2563,042-533-2563,,4,99,0,,7,20,20,,,미운영,2002-09-02,,,,일반,2020-02-10
"대전광역시",서구,3148013385,삼성어린이집,민간,Y,35333,대전광역시 서구 용화5길 63 (도마동),042-525-8440,042-525-8443,,11,450,4,,24,139,128,,,운영,2007-01-26,,,,일반,2020-02-10
"대전광역시",서구,2668000349,상아아이뜰어린이집,가정,Y,35201,"대전광역시 서구 대덕대로 415 105동 102호 (만년동, 상아아파트)",042-485-4150,042-485-4150,hnp0735@nate.com,3,60,0,,6,19,16,,,미운영,1992-02-25,,,,일반,2020-02-10
"대전광역시",서구,8558000019,새롬어린이집,민간,Y,35358,"대전광역시 서구 관저북로 80 복지관 내 (관저동, 원앙마을2단지아파트)",042-545-4403,042-545-4403,,4,145,0,,8,33,32,,,운영,1997-09-30,,,,일반,2020-02-10
"대전광역시",서구,3148024581,새물내어린이집,가정,Y,35404,"대전광역시 서구 복수중로 30 102동 103호 (복수동, 오량마을마루미아파트)",042-581-3827,,,4,115,0,,9,20,19,,,미운영,2006-11-20,,,,일반,2020-02-10
"대전광역시",서구,3388000154,새봄어린이집,민간,Y,35303,대전광역시 서구 계룡로662번길 48 (용문동),042-537-1123,070-8874-1123,,5,240,0,,8,43,34,,,운영,2007-01-03,,,,시간연장형,2020-02-10
"대전광역시",서구,4098033447,새빛어린이집,가정,Y,35262,"대전광역시 서구 계룡로571번길 65 103동 106호 (탄방동, 산호아파트)",042-471-1140,,,3,59,0,,4,19,12,,,운영,2009-03-10,,,,일반,2020-02-10
"대전광역시",서구,3148038294,새솔어린이집,민간,Y,35385,대전광역시 서구 가수원로65번길 18 (가수원동),042-381-0079,,,7,250,1,,11,89,85,,,운영,2005-05-06,,,,일반,2020-02-10
"대전광역시",서구,3148002495,새싹어린이집,민간,Y,35305,대전광역시 서구 용문로 113 (용문동),042-533-9208,042-533-7894,,7,250,3,,14,89,77,,,운영,2006-05-09,,,,일반,2020-02-10
"대전광역시",서구,3148029077,샘머리아이자람어린이집,가정,Y,35205,"대전광역시 서구 청사로 281 215동 101호 (둔산동, 샘머리아파트2단지)",042-485-1248,042-483-1248,,4,84,0,,9,20,20,,,미운영,2011-03-08,,,,시간연장형,2020-02-10
"대전광역시",서구,3148008392,샘머리어린이집,민간,Y,35205,"대전광역시 서구 청사로 281 관리사무소 1층 (둔산동,샘머리아파트2단지)",042-483-1020,,,4,263,1,,10,52,52,,,미운영,1999-05-25,,,,장애아통합,2020-02-10
"대전광역시",서구,3148042842,샘사랑어린이집,가정,Y,35364,"대전광역시 서구 관저북로 14 404동 101호 (관저동, 원앙마을4단지아파트)",042-535-2261,042-535-2261,kma2724@hanmail.net,3,72,0,,3,12,9,,,미운영,2009-06-12,,,,시간연장형,2020-02-10
"대전광역시",서구,3148043593,샘솟는어린이집,가정,Y,35367,"대전광역시 서구 도안동로 77 1808동 103호 (도안동, 도안18단지 린 풀하우스)",042-545-5222,042-545-5222,,4,74,0,,6,20,20,,,미운영,2014-12-23,,,,일반,2020-02-10
"대전광역시",서구,3148022550,샘이나어린이집,가정,Y,35359,"대전광역시 서구 관저북로 52 104동 106호 (관저동, 대자연마을아파트)",042-545-1635,,,4,115,0,,6,20,20,,,운영,1997-08-29,,,,일반,2020-02-10
"대전광역시",서구,3148030220,샛별어린이집,가정,Y,35245,"대전광역시 서구 둔산로 201 101동 102호 (둔산동, 국화아파트)",042-488-1088,042-488-1088,tbvjdjdejddl@hanmall.net,3,52,0,,7,18,18,,,운영,2010-08-16,,,,시간연장형,2020-02-10
"대전광역시",서구,3148007184,생각쑥쑥어린이집,가정,Y,35371,"대전광역시 서구 관저로 51 502동 105호 (관저동, 구봉마을5단지)",042-545-4613,,다음 까페 생각쑥쑥 아린이집,3,108,0,,7,20,20,,,운영,2006-04-01,,,,일반,2020-02-10
"대전광역시",서구,3148007772,생각쟁이어린이집,가정,Y,35347,"대전광역시 서구 배재로91번길 38-22 1동 108호 (도마동, 양지타운아파트)",042-533-6039,042-533-6039,,3,99,0,,4,20,9,,,운영,2006-09-18,,,,일반,2020-02-10
"대전광역시",서구,2898000100,샤론어린이집,민간,Y,35373,"대전광역시 서구 관저로 84 관리소내 (관저동, 구봉마을 8-2단지)",042-544-7002,,,3,149,0,,6,26,20,,,미운영,2008-07-09,,,,일반,2020-02-10
"대전광역시",서구,3148006211,샬롬어린이집,가정,Y,35263,"대전광역시 서구 문정로90번길 60 109동 104호 (탄방동, 한우리아파트)",042-482-6622,,,3,105,0,,7,20,20,,,운영,2004-04-10,,,,일반,2020-02-10
"대전광역시",서구,3148204745,서구그린어린이집,사회복지법인,Y,35272,대전광역시 서구 갈마중로8번길 23 (갈마동),042-524-3284,042-524-3184,,6,257,1,,13,97,90,,,운영,1996-02-15,,,,일반,2020-02-10
"대전광역시",서구,3148004299,서구청직장어린이집,직장,Y,35238,대전광역시 서구 둔산서로 100 서구청사내 (둔산동),042-471-7056,042-471-7055,http://cafe.daum.net/seogukid,4,182,1,,14,62,57,,,미운영,2003-02-04,,,,일반,2020-02-10
"대전광역시",서구,3148000177,서대전어린이집,사회복지법인,Y,35268,대전광역시 서구 계룡로562번길 18 (괴정동),042-533-1517,042-534-1517,,11,351,1,,15,68,63,,,운영,1992-01-09,,,,시간연장형,2020-02-10
"대전광역시",서구,6728000409,서비스탑도담어린이집,직장,Y,35259,"대전광역시 서구 문정로 41 (탄방동, SK텔레콤빌딩 3층)",070-7842-9915,,,4,241,1,,14,54,50,,,미운영,2016-02-26,,,,일반,2020-02-10
"대전광역시",서구,3148016572,서우아이꿈어린이집,가정,Y,35305,"대전광역시 서구 도산로370번길 55 101동 101호 (용문동, 서우아파트)",042-524-7982,,,4,102,0,,7,20,19,,,미운영,2008-06-05,,,,일반,2020-02-10
"대전광역시",서구,3148016742,서원어린이집,가정,Y,35207,"대전광역시 서구 청사로 254 102동 102호 (둔산동, 둥지아파트)",042-488-0373,,,3,102,0,,5,18,13,,,미운영,1994-09-24,,,,일반,2020-02-10
"대전광역시",서구,3148032553,소리빛어린이집,가정,Y,35205,"대전광역시 서구 청사로 281 206동 104호 (둔산동, 샘머리아파트2단지)",042-369-7165,042-369-7165,,4,107,0,,4,19,0,,,미운영,1998-10-28,,,,일반,2020-02-10
"대전광역시",서구,3148209911,소망어린이집,사회복지법인,Y,35326,대전광역시 서구 동서대로1030번길 5-4 (내동),042-533-1303,042-533-1302,,10,185,1,,17,59,59,,,운영,2004-08-20,,,,시간연장형,2020-02-10
"대전광역시",서구,3148208116,소야어린이집,사회복지법인,Y,35415,대전광역시 서구 유등로43번길 6-13 (복수동),042-584-2662,042-584-2664,http://cafe.daum.net/soya040211,9,207,2,,16,79,56,,,운영,2004-02-11,,,,시간연장형,2020-02-10
"대전광역시",서구,6838000923,소엽영재어린이집,민간,Y,35334,대전광역시 서구 제비네1길 104 (도마동),042-535-4533,042-535-4537,,4,124,0,,5,29,28,,,운영,1997-09-03,,,,일반,2020-02-10
"대전광역시",서구,3148010258,소화어린이집,가정,Y,35212,"대전광역시 서구 청사서로 65 101동 107호 (월평동, 한아름아파트)",042-485-6193,,,3,120,0,,6,20,20,,,미운영,2002-12-24,,,,일반,2020-02-10
"대전광역시",서구,5018002032,수목토어린이집,가정,Y,35355,"대전광역시 서구 도안동로 177 114동 102호 (도안동, 수목토아파트)",042-585-4691,042-585-4691,,4,68,0,,5,20,14,,,미운영,2010-08-27,,,,일반,2020-02-10
"대전광역시",서구,3148034852,수정어린이집,가정,Y,35206,"대전광역시 서구 청사로 282 14동 108호 (둔산동, 수정타운아파트)",042-328-1080,,,4,66,0,,6,20,20,,,미운영,2010-06-21,,,,일반,2020-02-10
"대전광역시",서구,3148015739,숲속나라어린이집,민간,Y,35410,대전광역시 서구 유등로 5 (복수동),042-582-7959,042-583-7959,http://forestland.kidis.co.kr/,7,370,2,,10,98,44,,,운영,2008-02-18,,,,일반,2020-02-10
"대전광역시",서구,3148007660,숲속어린이집,가정,Y,35404,"대전광역시 서구 복수서로 10 3동 101호 (복수동, 계룡아파트)",042-585-2135,042-585-2135,kehee0929@hanmail.net,3,102,0,,5,18,16,,,미운영,1995-05-20,,,,일반,2020-02-10
"대전광역시",서구,3148015331,숲속자연어린이집,가정,Y,35265,"대전광역시 서구 대덕대로 150 122동 101호 (갈마동, 큰마을아파트)",042-537-8442,,,4,105,0,,6,20,15,,,미운영,2007-12-28,,,,일반,2020-02-10
"대전광역시",서구,3148012542,숲으로어린이집,가정,Y,35397,"대전광역시 서구 정림로 55 116동 103호 (정림동, 우성아파트)",042-584-2766,,,4,102,0,,8,20,19,,,운영,2006-07-19,,,,일반,2020-02-10
"대전광역시",서구,3148043759,슈퍼맨어린이집,가정,Y,35373,"대전광역시 서구 관저로 84 806동 105호 (관저동, 구봉마을8단지)",042-361-3536,042-361-3536,,3,79,0,,6,16,16,,,미운영,2000-03-29,,,,일반,2020-02-10
"대전광역시",서구,3148042880,스마일어린이집,가정,Y,35265,"대전광역시 서구 대덕대로 150 109동 107호 (갈마동, 큰마을아파트)",042-524-3315,042-524-3315,,4,60,0,,6,19,19,,,운영,2006-12-27,,,,일반,2020-02-10
"대전광역시",서구,3148027536,슬바아어린이집,가정,Y,35245,"대전광역시 서구 둔산로 201 202동 106호 (둔산동, 국화아파트)",042-485-7736,,http://cafe.daum.net/slba-a,5,81,0,,7,20,20,,,미운영,2010-11-15,,,,일반,2020-02-10
"대전광역시",서구,3148028194,신난다어린이집,가정,Y,35273,"대전광역시 서구 갈마로103번길 36 3동 101호 (갈마동, 쌍용아파트)",042-523-2267,,,4,105,0,,3,20,10,,,미운영,2009-12-10,,,,일반,2020-02-10
"대전광역시",서구,3148029096,신바람어린이집,가정,Y,35397,"대전광역시 서구 정림로 55 116동 105호 (정림동, 우성아파트)",042-365-8500,042-365-8500,,4,188,0,,6,20,14,,,운영,2003-05-15,,,,일반,2020-02-10
"대전광역시",서구,2698000799,싱글벙글어린이집,가정,Y,35374,"대전광역시 서구 관저로 48 703동 104호 (관저동, 구봉마을7단지)",042-542-0785,,,3,79,0,,4,15,15,,,미운영,1999-06-08,,,,일반,2020-02-10
"대전광역시",서구,3148007132,쎄쎄쎄어린이집,가정,Y,35314,"대전광역시 서구 갈마로 262 110동 103호 (내동, 맑은아침아파트)",042-527-0805,,,3,99,0,,2,15,4,,,운영,2004-08-27,,,,일반,2020-02-10
"대전광역시",서구,3148037669,아가랑어린이집,가정,Y,35268,"대전광역시 서구 계룡로536번길 9 106동 103호 (괴정동,한신아파트)",042-369-2300,,,4,42,0,,2,15,6,,,운영,2012-05-31,,,,일반,2020-02-10
"대전광역시",서구,3148020950,아가별어린이집,가정,Y,35266,대전광역시 서구 괴정로11번길 60-6 (갈마동),042-534-1616,042-528-1616,,4,96,0,,1,20,0,,,운영,2010-01-12,,,,일반,2020-02-10
"대전광역시",서구,3748000335,아기뜰어린이집,가정,Y,35364,"대전광역시 서구 관저북로 14 408동 101호 (관저동, 원앙마을4단지아파트)",042-841-4610,042-841-4610,,3,44,0,,5,15,10,,,운영,2012-10-05,,,,시간연장형,2020-02-10
"대전광역시",서구,3148006996,아기별어린이집,가정,Y,302904,"대전광역시 서구 관저북로 80 207동 103호 (관저동, 원앙마을2단지아파트)",042-545-5677,042-545-5677,,3,79,0,,6,15,14,,,미운영,2006-03-13,,,,일반,2020-02-10
"대전광역시",서구,1398001726,아기천사어린이집,가정,Y,35314,"대전광역시 서구 갈마로 262 113동 106호 (내동, 맑은아침아파트)",042-523-1615,,,3,110,0,,6,19,11,,,미운영,2004-07-09,,,,일반,2020-02-10
"대전광역시",서구,3148012407,아기코끼리어린이집,가정,Y,35386,"대전광역시 서구 가수원로 106 303동 101호 (가수원동, 은아아파트3단지)",042-544-2002,,,4,55,0,,7,19,17,,,미운영,2006-06-15,,,,시간연장형,2020-02-10
"대전광역시",서구,3148034662,아띠굿맘어린이집,가정,Y,35265,"대전광역시 서구 대덕대로 150 103동 101호 (갈마동, 큰마을아파트)",042-527-4315,042-527-4315,,4,79,0,,7,18,18,,,미운영,2008-01-08,,,,일반,2020-02-10
"대전광역시",서구,2798000011,아띠어린이집,가정,Y,35367,"대전광역시 서구 도안동로 77 1806동 101호 (가수원동, 도안18단지 린 풀하우스)",042-543-2260,,,4,75,0,,7,20,20,,,미운영,2015-02-26,,,,일반,2020-02-10
"대전광역시",서구,3148017630,아름드리어린이집,가정,Y,35262,"대전광역시 서구 계룡로571번길 65 101동 101호 (탄방동, 산호아파트)",042-488-4105,042-488-4105,,3,99,0,,5,20,13,,,운영,2009-01-02,,,,일반,2020-02-10
"대전광역시",서구,3148015821,아리솔어린이집,가정,Y,35245,"대전광역시 서구 둔산로 201 306동 105호 (둔산동, 국화아파트)",042-482-5261,,,4,85,0,,6,20,20,,,미운영,2008-02-28,,,,일반,2020-02-10
"대전광역시",서구,3148028248,아이굿맘어린이집,가정,Y,35397,"대전광역시 서구 정림서로 162-15 126동 105호 (정림동, 우성아파트)",042-582-3100,042-581-3100,heewon4871@hanmail.net,4,162,0,,6,20,18,,,운영,2006-12-11,,,,일반,2020-02-10
"대전광역시",서구,3148014900,아이꿈영재어린이집,민간,Y,35415,대전광역시 서구 복수남로12번길 28 (복수동),042-582-6791,042-585-5336,,8,171,1,,8,65,24,,,운영,2000-09-20,,,,일반,2020-02-10
"대전광역시",서구,3148031516,아이들세상어린이집,가정,Y,35206,"대전광역시 서구 청사로 282 16동 101호 (둔산동, 수정타운아파트)",042-369-7321,,,3,71,0,,10,15,15,,,운영,2006-02-27,,,,시간연장형,2020-02-10
"대전광역시",서구,3148007471,아이들어린이집,가정,Y,35210,"대전광역시 서구 월평동로 83 102동 102호 (월평동, 다모아아파트)",042-488-1617,042-488-1617,can8998@hanmail.net,3,102,0,,6,20,18,,,미운영,2006-03-02,,,,일반,2020-02-10
"대전광역시",서구,3148016460,아이뜰동산어린이집,가정,Y,35270,"대전광역시 서구 갈마중로7번길 42 5동 102호 (갈마동, 동산아파트)",042-361-0056,,,3,99,1,,7,20,20,,,운영,2008-05-22,,,,일반,2020-02-10
"대전광역시",서구,3148031118,아이뜰어린이집,민간,Y,35412,대전광역시 서구 복수남로36번길 42 (복수동),042-582-5211,,http://cafe.daum.net/ID5211,6,298,2,,10,75,75,,,운영,2005-12-15,,,,일반,2020-02-10
"대전광역시",서구,3148018717,아이랑어린이집,가정,Y,35207,"대전광역시 서구 청사로 254 105동 106호 (둔산동, 둥지아파트)",042-482-2548,,https://cafe.naver.com/4822548,3,99,0,,6,18,15,,,운영,2006-03-10,,,,일반,2020-02-10
"대전광역시",서구,3148020760,아이러브어린이집,가정,Y,35372,"대전광역시 서구 관저로 83 206동 104호 (관저동, 신선마을아파트)",042-369-0718,,,3,102,0,,7,20,20,,,운영,2009-12-29,,,,일반,2020-02-10
"대전광역시",서구,2028001325,아이린어린이집,가정,Y,35371,"대전광역시 서구 관저로 51 501동 101호 (관저동, 구봉마을5단지)",042-545-5319,,,3,108,0,,5,19,18,,,운영,2006-04-13,,,,시간연장형,2020-02-10
"대전광역시",서구,3148040709,아이맘어린이집,가정,Y,35371,"대전광역시 서구 관저로 51 505동 101호 (관저동, 구봉마을5단지)",042-384-1102,,,4,61,0,,7,20,20,,,운영,2010-05-04,,,,일반,2020-02-10
"대전광역시",서구,3148017208,아이미래어린이집,민간,Y,35270,대전광역시 서구 계룡로394번길 9 (갈마동),042-531-2494,042-535-3450,,4,108,2,,8,32,26,,,운영,2004-12-27,,,,일반,2020-02-10
"대전광역시",서구,3148036700,아이미소어린이집,민간,Y,35395,대전광역시 서구 정림로24번길 83 (정림동),042-581-6988,042-586-6988,http://cafa.naver.com/kid1009,9,269,1,,11,99,62,,,운영,2004-06-27,,,,시간연장형,2020-02-10
"대전광역시",서구,3148026876,아이별어린이집,가정,Y,35234,"대전광역시 서구 둔산남로 15 110동 104호 (둔산동, 은하수아파트)",042-488-5226,042-488-5226,,3,69,0,,7,15,15,,,미운영,2010-09-13,,,,일반,2020-02-10
"대전광역시",서구,1298026356,아이사랑어린이집,가정,Y,35201,"대전광역시 서구 만년로 45 105동 106호 (만년동, 초원아파트)",042-487-3788,,,3,69,0,,3,14,4,,,미운영,2007-12-28,,,,일반,2020-02-10
"대전광역시",서구,3148020630,아이샘어린이집,가정,Y,35383,"대전광역시 서구 구봉산북로 165 311동 104호 (관저동, 다온숲아파트)",042-543-7743,,,3,99,0,,7,20,20,,,미운영,2009-12-18,,,,일반,2020-02-10
"대전광역시",서구,3148007485,아이세상어린이집,가정,Y,35216,"대전광역시 서구 청사로 65 111동 107호 (월평동, 황실타운아파트)",042-472-7428,,,3,99,0,,5,20,18,,,미운영,2006-08-01,,,,일반,2020-02-10
"대전광역시",서구,3148040882,아이솔어린이집,민간,Y,35321,대전광역시 서구 도산로213번길 32 (변동),042-526-0009,042-526-0009,,5,190,1,,11,46,46,,,운영,2007-11-01,,,,일반,2020-02-10
"대전광역시",서구,3148034717,아이숲어린이집,가정,Y,35305,"대전광역시 서구 도산로370번길 55 102동 110호 (용문동, 서우아파트)",042-535-4929,042-535-4929,,4,143,0,,3,20,10,,,미운영,2010-02-16,,,,일반,2020-02-10
"대전광역시",서구,5218000979,아이앤아이어린이집,가정,Y,35217,"대전광역시 서구 월평동로 45 109동 105호 (월평동, 진달래아파트)",042-486-0507,042-544-0396,,3,79,0,,3,18,13,,,미운영,1998-03-21,,,,일반,2020-02-10
"대전광역시",서구,3148018885,아이월드어린이집,민간,Y,35277,대전광역시 서구 신갈마로155번길 33 (갈마동),042-527-7770,042-536-5550,,6,190,1,,13,64,51,,,운영,2005-12-19,,,,시간연장형,2020-02-10
"대전광역시",서구,3148024484,아이자람어린이집,가정,Y,35228,"대전광역시 서구 둔산로 15 110동 103호 (둔산동, 향촌아파트)",042-488-1486,042-488-1486,http://www.i-jaram.com/daejeon/,4,60,0,,10,20,20,,,미운영,2010-07-29,,,,시간연장형,2020-02-10
"대전광역시",서구,3148007087,아이조아어린이집,가정,Y,35397,"대전광역시 서구 정림로 55 109동 103호 (정림동, 우성아파트)",042-382-2379,,http://cafe.daum.net/3822379,4,79,0,,5,20,15,,,운영,2003-03-03,,,,일반,2020-02-10
"대전광역시",서구,3148028869,아이짱굿맘어린이집,가정,Y,35205,"대전광역시 서구 청사로 281 221동 103호 (둔산동, 샘머리아파트2단지)",042-478-7070,042-478-7070,http://www.good-mom.co.kr/izzang,4,73,0,,5,20,16,,,미운영,2011-02-24,,,,일반,2020-02-10
"대전광역시",서구,3148032359,아이천사어린이집,가정,Y,35351,"대전광역시 서구 도안북로 136 102동 101호 (도안동, 한라비발디아파트)",042-541-4487,042-541-4487,ckckkeum@hanmail.net,4,96,0,,6,20,20,,,미운영,2011-12-20,,,,일반,2020-02-10
"대전광역시",서구,3148030458,알콩달콩어린이집,가정,Y,35373,"대전광역시 서구 관저로 84 804동 103호 (관저동, 구봉마을8단지)",042-534-5539,,,3,79,0,,7,18,18,,,운영,2005-12-29,,,,시간연장형,2020-02-10
"대전광역시",서구,3148031613,애플비어린이집,가정,Y,35397,"대전광역시 서구 정림로 55 115동 103호 (정림동, 우성아파트)",042-587-6988,042-587-6989,,4,148,0,,7,20,20,,,운영,2007-04-12,,,,일반,2020-02-10
"대전광역시",서구,3148015836,야웨이레어린이집,가정,Y,35364,"대전광역시 서구 관저북로 14 405동 101호 (관저동, 원앙마을4단지아파트)",042-544-6030,,,3,79,0,,5,18,14,,,미운영,2008-02-27,,,,시간연장형,2020-02-10
"대전광역시",서구,3148010700,어린왕자어린이집,가정,Y,35282,"대전광역시 서구 신갈마로 102 307동 105호 (갈마동, 갈마아파트)",042-537-1137,042-528-1137,,4,58,0,,6,20,19,,,미운영,2005-07-05,,,,일반,2020-02-10
"대전광역시",서구,3808000816,어반힐스어린이집,민간,Y,35384,"대전광역시 서구 관저남로 80 (관저동,어반힐스)",042-365-2111,042-365-2111,,6,196,1,,11,73,61,,,미운영,2017-09-15,,,,일반,2020-02-10
"대전광역시",서구,3148041498,엄마품어린이집,가정,Y,35358,"대전광역시 서구 관저북로 80 213동 101호 (관저동, 원앙마을2단지아파트)",042-382-4321,,,3,79,0,,7,18,16,,,미운영,2007-11-16,,,,시간연장형,2020-02-10
"대전광역시",서구,3148040688,에코비예쁜미소어린이집,가정,Y,35228,"대전광역시 서구 둔산로 15 112동 105호 (둔산동, 향촌아파트)",042-486-5740,042-486-5740,,3,79,0,,4,19,6,,,미운영,2002-06-18,,,,시간연장형,2020-02-10
"대전광역시",서구,4268000510,엔젤궁어린이집,가정,Y,35381,"대전광역시 서구 관저로 184 1201동 105호 (관저동, 느리울마을아파트12단지)",042-369-1407,042-369-1407,kkjkjw@hanmail.net,3,54,0,,4,17,14,,,미운영,2002-12-30,,,,일반,2020-02-10
"대전광역시",서구,2448000223,연두아이누리어린이집,가정,Y,35305,"대전광역시 서구 계룡로686번길 18 102동 103호 (용문동, 아이누리아파트)",042-525-3425,042-525-3425,,4,60,0,,6,20,20,,,미운영,2011-06-13,,,,일반,2020-02-10
"대전광역시",서구,6348001236,열매어린이집,가정,Y,35374,"대전광역시 서구 관저로 48 702동 104호 (관저동, 구봉마을7단지)",042-362-7899,,,3,79,0,,4,15,15,,,미운영,2009-02-26,,,,시간연장형,2020-02-10
"대전광역시",서구,3148015990,예그랑어린이집,가정,Y,35372,"대전광역시 서구 관저로 83 213동 104호 (관저동, 신선마을아파트)",042-543-6007,042-543-6007,,4,165,0,,8,20,20,,,운영,2006-02-08,,,,시간연장형,2020-02-10
"대전광역시",서구,3148042196,예꿈어린이집,가정,Y,35358,"대전광역시 서구 관저북로 80 201동 101호 (관저동, 원앙마을)",042-544-5180,042-544-5180,otissun@naver.com,3,79,0,,5,18,16,,,미운영,2009-04-10,,,,일반,2020-02-10
"대전광역시",서구,1118002673,예나어린이집,민간,Y,35356,대전광역시 서구 도안동로 123 리슈빌아파트 관리동,042-545-2223,042-545-2223,,4,176,2,,12,57,55,,,미운영,2015-03-02,,,,일반,2020-02-10
"대전광역시",서구,3148042314,예닮어린이집,가정,Y,35265,"대전광역시 서구 대덕대로 150 115동 106호 (갈마동, 큰마을아파트)",042-524-3346,042-524-3346,,3,102,0,,4,19,9,,,미운영,2006-03-20,,,,일반+시간제보육,2020-02-10
"대전광역시",서구,3148012824,예랑어린이집,민간,Y,35340,대전광역시 서구 도림6길 108 (도마동),042-526-7973,,,5,290,1,,14,58,42,,,운영,1997-09-11,,,,장애아통합+시간연장형+시간제보육,2020-02-10
"대전광역시",서구,3148043588,예린어린이집,가정,Y,35367,"대전광역시 서구 도안동로 77 1801동 104호 (도안동, 도안18단지 린 풀하우스)",042-542-1801,,ijinsuk@hanmail.net,4,78,0,,8,20,20,,,미운영,2014-12-23,,,,일반,2020-02-10
"대전광역시",서구,3148035297,예미지어린이집,가정,Y,35350,"대전광역시 서구 도안북로 125 108동 105호 (도안동, 예미지아파트)",042-535-4277,,,4,71,0,,7,20,18,,,미운영,2012-07-26,,,,일반,2020-02-10
"대전광역시",서구,3088043040,예미지키즈어린이집,민간,Y,35376,대전광역시 서구 관저중로 33 관저예미지 명가의풍경아파트 관리동,042-545-5675,,,8,275,1,,18,88,77,,,미운영,2018-12-20,,,,일반,2020-02-10
"대전광역시",서구,3148017135,예뻐뽀어린이집,국공립,Y,35414,대전광역시 서구 복수동로87번길 29-9 (복수동),042-585-4479,042-585-4478,http://cafe.naver.com/0425854479,5,204,2,,13,75,68,,,미운영,2008-10-10,,,,시간연장형,2020-02-10
"대전광역시",서구,8678000410,예쁜꿈어린이집,가정,Y,35379,"대전광역시 서구 관저동로90번길 47 1112동 101호 (관저동, 느리울마을아파트11단지)",042-545-5887,042-367-3888,,3,102,0,,7,20,17,,,미운영,2004-12-24,,,,일반,2020-02-10
"대전광역시",서구,3148037145,예쁜무지개어린이집,가정,Y,35272,"대전광역시 서구 갈마중로16번길 7 109호(갈마동, 한국도로공사조합아파트)",042-525-2809,,,4,60,0,,5,19,11,,,운영,1997-10-16,,,,시간연장형,2020-02-10
"대전광역시",서구,3148036563,예쁜아이어린이집,가정,Y,35389,대전광역시 서구 가수원중로 37 (가수원동),042-541-2739,,https://cafe.naver.com/glorykids,4,108,0,,7,20,15,,,운영,1994-04-27,,,,일반,2020-02-10
"대전광역시",서구,3148007883,예솔어린이집,민간,Y,35261,대전광역시 서구 계룡로509번길 31 (탄방동),042-488-8209,042-488-8212,,6,330,1,,12,65,48,,,운영,2002-02-14,,,,일반,2020-02-10
"대전광역시",서구,3148028229,예은어린이집,가정,Y,35210,"대전광역시 서구 청사로 5 107동 105호 (월평동, 하나로아파트)",042-384-1213,,,3,69,0,,5,14,14,,,미운영,2005-08-01,,,,시간연장형,2020-02-10
"대전광역시",서구,3148018129,예인어린이집,가정,Y,35261,"대전광역시 서구 문정로10번길 39 103동 103호 (탄방동, 개나리아파트)",042-362-3925,042-488-8212,,4,102,0,,8,20,17,,,미운영,2009-02-27,,,,일반,2020-02-10
"대전광역시",서구,3148007879,예지어린이집,가정,Y,35314,"대전광역시 서구 갈마로 262 106동 104호 (내동, 맑은아침아파트)",042-525-1006,042-525-1006,rkr7956@hanmail.net,3,105,0,,6,20,18,,,운영,2004-12-30,,,,일반,2020-02-10
"대전광역시",서구,3148016285,예찬어린이집,가정,Y,35210,"대전광역시 서구 청사로 5 106동 101호 (월평동, 하나로아파트)",042-384-1215,,,3,69,0,,5,14,14,,,미운영,2008-04-25,,,,시간연장형,2020-02-10
"대전광역시",서구,3148039779,오렌지어린이집,가정,Y,35355,"대전광역시 서구 도안동로 183 1509동 105호 (도안동, 도안아이파크)",042-542-3428,042-542-3428,,4,85,0,,7,20,20,,,미운영,2013-11-12,,,,일반,2020-02-10
"대전광역시",서구,3148037771,오른발왼발어린이집,가정,Y,35364,"대전광역시 서구 관저북로 14 414동 102호 (관저동, 원앙마을4단지아파트)",042-544-1853,042-544-1853,,2,69,0,,6,11,11,,,미운영,2009-09-29,,,,일반,2020-02-10
"대전광역시",서구,3148011164,온누리어린이집,가정,Y,35215,"대전광역시 서구 청사서로 41 103동 101호 (월평동, 백합아파트)",042-362-8482,,www.cywoid.com/3628482,3,102,0,,6,20,20,,,운영,2006-02-08,,,,일반,2020-02-10
"대전광역시",서구,3148017815,온새미로어린이집,가정,Y,35372,"대전광역시 서구 관저로 83 208동 102호 (관저동, 신선마을아파트)",042-542-2500,042-542-2500,,3,102,0,,6,20,20,,,운영,2009-01-28,,,,일반,2020-02-10
"대전광역시",서구,3148039954,올리브어린이집,가정,Y,35235,"대전광역시 서구 둔산남로 30 101동 104호 (둔산동, 녹원아파트)",042-486-2234,042-486-2234,,4,84,0,,6,20,20,,,미운영,2009-04-03,,,,일반,2020-02-10
"대전광역시",서구,4498001512,완두콩어린이집,가정,Y,35355,"대전광역시 서구 도안동로 177 105동 102호 (도안동, 수목토아파트)",042-542-5485,042-541-5485,,4,68,0,,5,19,19,,,미운영,2010-09-16,,,,일반,2020-02-10
"대전광역시",서구,3148209885,용문어린이집,국공립,Y,35300,대전광역시 서구 계룡로 626-1 (용문동),042-537-0614,042-537-0617,,5,262,0,,12,20,20,,,운영,2004-09-01,,,,장애아전문,2020-02-10
"대전광역시",서구,3148017571,우리들어린이집,가정,Y,35210,"대전광역시 서구 월평동로 83 105동 105호 (월평동, 다모아아파트)",042-488-1627,042-488-1627,,3,79,0,,5,15,12,,,미운영,2009-01-02,,,,일반,2020-02-10
"대전광역시",서구,3148013309,우리어린이집,민간,Y,35292,대전광역시 서구 괴정로 94-8 (괴정동),042-532-3355,042-532-3355,,6,192,1,,11,66,56,,,운영,2007-01-16,,,,시간연장형,2020-02-10
"대전광역시",서구,3148040693,우리영재어린이집,가정,Y,35376,"대전광역시 서구 관저서로 20 904동 103호 (관저동, 구봉마을9단지)",070-7640-8388,,,3,69,0,,6,14,14,,,미운영,2009-06-12,,,,시간연장형,2020-02-10
"대전광역시",서구,3148043462,우미린도담도담어린이집,가정,Y,35367,"대전광역시 서구 도안동로 77 1804동 103호 (도안동, 도안18단지 린 풀하우스)",042-544-2279,042-544-2278,,4,105,0,,7,20,20,,,미운영,2014-12-09,,,,일반,2020-02-10
"대전광역시",서구,8718000234,우미린어린이집,민간,Y,35367,대전광역시 서구 도안동로 77 도안18단지 린풀하우스아파트(도안동),042-542-0284,042-542-0284,,4,141,1,,10,53,50,,,미운영,2015-06-17,,,,일반,2020-02-10
"대전광역시",서구,3148010656,우미어린이집,가정,Y,35205,"대전광역시 서구 청사로 281 214동 103호 (둔산동, 샘머리아파트2단지)",042-486-1189,042-486-1189,,4,107,0,,8,20,20,,,운영,2005-12-20,,,,일반,2020-02-10
"대전광역시",서구,3148041014,월평꿈나무어린이집,가정,Y,35221,대전광역시 서구 월평로13번길 22 (월평동),042-487-0812,042-487-0817,,3,101,1,,4,20,16,,,운영,2006-03-02,,,,시간연장형,2020-02-10
"대전광역시",서구,3148007753,월평새싹어린이집,가정,Y,35274,"대전광역시 서구 계룡로264번길 4 106동 103호 (월평동, 월평타운)",042-534-5399,042-534-5399,,4,108,0,,6,20,20,,,운영,1999-10-08,,,,시간연장형,2020-02-10
"대전광역시",서구,3148004440,월평어린이집,국공립,Y,35211,"대전광역시 서구 월평북로 11 , 월평종합사회복지관 1층 (월평동, 주공3단지아파트)",042-484-6740,042-471-6740,wpkid.kidsnote.ac,9,367,1,,13,60,47,,,미운영,1995-01-16,,,,장애아통합+시간연장형,2020-02-10
"대전광역시",서구,3148018809,유명어린이집,가정,Y,35359,"대전광역시 서구 관저북로 52 102동 104호 (관저동, 대자연마을아파트)",042-544-1010,042-544-2120,http://cafe.daum.net/yookidschool,4,93,0,,7,20,20,,,운영,2008-09-18,,,,일반,2020-02-10
"대전광역시",서구,3148005570,은비까비어린이집,민간,Y,35331,대전광역시 서구 도마11길 19 (도마동),042-535-8348,042-535-8348,,8,542,2,,15,94,80,,,운영,2004-07-27,,,,일반,2020-02-10
"대전광역시",서구,3148037349,은빛어린이집,가정,Y,35206,"대전광역시 서구 청사로 282 8동 107호 (둔산동, 수정타운아파트)",042-476-7173,042-476-7173,,3,46,0,,5,16,15,,,미운영,2011-01-18,,,,일반,2020-02-10
"대전광역시",서구,3148028549,은샘어린이집,가정,Y,35372,"대전광역시 서구 관저로 83 204동 103호 (관저동, 신선마을아파트)",042-385-5235,042-385-5235,다음카페 은샘어린이집,3,129,0,,8,20,20,,,운영,2008-12-23,,,,시간연장형,2020-02-10
"대전광역시",서구,3148041713,은아꼬마숲어린이집,가정,Y,35386,"대전광역시 서구 가수원로 106 302동 106호 (가수원동, 은아아파트3단지)",042-544-9311,042-544-9311,,4,61,0,,6,20,20,,,운영,2006-01-24,,,,시간연장형,2020-02-10
"대전광역시",서구,3148014889,은아영재어린이집,민간,Y,35393,대전광역시 서구 정림로77번길 51 (정림동),042-541-3637,042-541-0222,http://acekid.net/Danche2/Intro.asp?DancheIdx=32267,8,378,2,,15,99,87,,,운영,2004-02-01,,,,시간연장형,2020-02-10
"대전광역시",서구,3148007127,은하수어린이집,가정,Y,35234,"대전광역시 서구 둔산남로 15 101동 103호 (둔산동, 은하수아파트)",042-485-0809,042-488-0809,,3,106,1,,8,20,20,,,운영,2006-04-17,,,,일반,2020-02-10
"대전광역시",서구,5298001443,은혜어린이집,민간,Y,35398,"대전광역시 서구 정림서로 162-18 관리사무소 1층 (정림동, 강변들보람아파트)",042-586-7942,042-586-7942,,5,79,0,,6,29,23,,,운영,1998-03-31,,,,일반,2020-02-10
"대전광역시",서구,3148030725,이든샘어린이집,가정,Y,35235,"대전광역시 서구 둔산남로 30 109동 106호 (둔산동, 녹원아파트)",042-384-5124,,js681106@naver.com,3,53,0,,7,16,16,,,미운영,2011-07-05,,,,시간연장형,2020-02-10
"대전광역시",서구,3148029586,이레어린이집,가정,Y,35251,"대전광역시 서구 문정로 131 2동 101호 (탄방동, 공작한양아파트)",042-488-9676,,,3,105,0,,6,20,20,,,운영,2005-05-09,,,,일반,2020-02-10
"대전광역시",서구,3148036772,이비에스하늘어린이집,민간,Y,35310,대전광역시 서구 들말2길 55 (가장동),042-525-3282,042-525-3282,,8,316,1,,14,73,71,,,운영,2005-04-01,,,,시간연장형,2020-02-10
"대전광역시",서구,3148024621,이솝어린이집,가정,Y,35205,"대전광역시 서구 청사로 281 213동 102호 (둔산동, 샘머리아파트2단지)",042-487-4412,,,3,105,0,,8,20,20,,,운영,2007-10-09,,,,일반,2020-02-10
"대전광역시",서구,3148033396,이큐어린이집,가정,Y,35205,"대전광역시 서구 청사로 281 216동 102호 (둔산동, 샘머리아파트2단지)",042-369-3410,042-369-3410,,4,85,0,,8,20,20,,,미운영,2001-04-13,,,,일반,2020-02-10
"대전광역시",서구,3148006394,일곱색깔어린이집,민간,Y,35277,대전광역시 서구 계룡로326번길 147 (갈마동),042-533-6264,,cafe.daum.net/sevencolor5336264,6,232,2,,15,78,66,,,운영,1999-06-01,,,,시간연장형,2020-02-10
"대전광역시",서구,3148035472,자람터어린이집,가정,Y,35374,"대전광역시 서구 관저로 48 705동 108호 (관저동, 구봉마을7단지)",042-544-2435,042-544-2435,,3,59,0,,7,15,15,,,미운영,2004-12-30,,,,일반,2020-02-10
"대전광역시",서구,2398000181,자연마을어린이집,민간,Y,35407,"대전광역시 서구 복수동로 21-20 관리동 (복수동, 초록마을2단지아파트)",042-382-9902,,,3,166,0,,5,35,19,,,미운영,2005-07-01,,,,일반,2020-02-10
"대전광역시",서구,1158000298,자연사랑어린이집,국공립,Y,35384,대전광역시 서구 구봉산북로 212 천년나무아파트 어린이집동,042-541-5755,,,5,237,2,,14,72,71,,,미운영,2016-02-26,,,,시간연장형,2020-02-10
"대전광역시",서구,4338000954,자이숲어린이집,가정,Y,35403,"대전광역시 서구 복수서로 15 104동 102호(복수동, 복수센트럴자이)",042-523-1000,042-523-1000,,3,70,0,,6,20,18,,,미운영,2014-05-13,,,,일반,2020-02-10
"대전광역시",서구,3148007506,작은별어린이집,가정,Y,35217,"대전광역시 서구 월평동로 45 109동 104호 (월평동, 진달래아파트)",042-369-0286,,,3,102,0,,4,20,14,,,미운영,2006-03-02,,,,일반,2020-02-10
"대전광역시",서구,3148007618,작은천국어린이집,가정,Y,35249,"대전광역시 서구 둔산남로 127 102동 107호 (둔산동, 목련아파트)",042-484-6619,,,4,158,2,,6,20,17,,,미운영,1999-04-07,,,,일반,2020-02-10
"대전광역시",서구,3148027986,잠언어린이집,가정,Y,35297,"대전광역시 서구 가장로 107 208동 103호 (가장동, 삼성래미안아파트)",042-526-7317,042-527-7317,,3,105,0,,7,20,18,,,운영,2006-02-27,,,,일반,2020-02-10
"대전광역시",서구,2108018512,재미나어린이집,가정,Y,35398,"대전광역시 서구 정림로 11 103동 107호 (정림동, 늘푸른아파트)",042-584-7829,042-584-7829,,3,79,0,,3,15,10,,,미운영,2003-03-04,,,,일반,2020-02-10
"대전광역시",서구,3148036812,재영어린이집,가정,Y,35245,"대전광역시 서구 둔산로 201 205동 108호 (둔산동, 국화아파트)",042-472-1767,,,4,81,0,,7,20,17,,,운영,2010-12-23,,,,일반,2020-02-10
"대전광역시",서구,3148021279,잼재미어린이집,가정,Y,35346,"대전광역시 서구 배재로 139-31 113동 110호 (도마동, 경남아파트2단지)",042-527-6620,,,3,99,0,,6,16,13,,,운영,2009-08-03,,,,일반,2020-02-10
"대전광역시",서구,3148020979,잼잼어린이집,가정,Y,35376,"대전광역시 서구 관저서로 20 909동 102호 (관저동, 구봉마을9단지)",070-7553-6583,,,3,79,0,,5,15,15,,,운영,2007-12-05,,,,일반,2020-02-10
"대전광역시",서구,7978001347,정원어린이집,민간,Y,35293,대전광역시 서구 가장로 66 (괴정동),042-525-8626,042-525-8626,,5,270,0,,10,44,42,,,운영,1997-11-19,,,,일반,2020-02-10
"대전광역시",서구,3148020299,조앤키즈어린이집,가정,Y,35371,"대전광역시 서구 관저로 51 509동 104호 (관저동, 구봉마을5단지)",042-546-1800,,,4,99,0,,7,20,19,,,운영,2009-11-27,,,,일반,2020-02-10
"대전광역시",서구,7838001294,조은아이어린이집,가정,Y,35355,"대전광역시 서구 도안동로 177 106동 103호 (도안동, 수목토아파트)",042-546-0003,042-546-0003,,4,68,0,,6,20,20,,,미운영,2010-08-20,,,,일반,2020-02-10
"대전광역시",서구,3148028928,조이랜드어린이집,민간,Y,35379,"대전광역시 서구 관저동로90번길 47 (관저동, 느리울마을아파트11단지)",042-545-4542,042-545-4542,rudtnr0805@hanmail.net,4,150,0,,9,35,34,,,운영,2004-07-01,,,,일반,2020-02-10
"대전광역시",서구,3148022512,좋은친구어린이집,가정,Y,35358,"대전광역시 서구 관저북로 80 208동 103호 (관저동, 원앙마을2단지아파트)",042-544-0942,042-544-0942,,3,85,0,,6,15,15,,,미운영,2005-05-10,,,,시간연장형,2020-02-10
"대전광역시",서구,3148017848,주공예능어린이집,민간,Y,35371,"대전광역시 서구 관저로 51 (관저동, 구봉마을5단지)",042-541-0073,,,4,230,1,,6,37,33,,,운영,2000-08-30,,,,일반,2020-02-10
"대전광역시",서구,3148015006,주은어린이집,가정,Y,35397,"대전광역시 서구 정림로 55 106동 103호 (정림동, 우성아파트)",042-585-9192,,,4,119,0,,6,20,17,,,운영,2006-04-03,,,,일반,2020-02-10
"대전광역시",서구,3148038300,중흥어린이집,가정,Y,35411,"대전광역시 서구 유등로17번길 109 505동 101호 (복수동, 초록마을5단지아파트)",042-586-8123,042-586-8123,,3,59,0,,2,19,5,,,미운영,2005-10-10,,,,일반,2020-02-10
"대전광역시",서구,6168028751,지산어린이집,민간,Y,35342,대전광역시 서구 배재로233번길 42 (변동),042-528-5656,070-8233-5656,,7,144,0,,8,44,25,,,운영,2007-05-16,,,,시간연장형,2020-02-10
"대전광역시",서구,3148016325,진달래어린이집,가정,Y,35217,"대전광역시 서구 월평동로 45 105동 102호 (월평동, 진달래아파트)",042-486-0340,,,3,102,0,,6,20,17,,,미운영,2008-04-25,,,,일반,2020-02-10
"대전광역시",서구,3148007388,짝꿍어린이집,가정,Y,35270,"대전광역시 서구 갈마중로7번길 42 4동 101호 (갈마동, 동산아파트)",042-535-3512,,,3,99,0,,7,20,16,,,운영,2000-02-22,,,,일반,2020-02-10
"대전광역시",서구,3148010729,참사랑어린이집,가정,Y,35379,"대전광역시 서구 관저동로90번길 15 106동 104호 (관저동, 관저리슈빌아파트)",042-365-5892,042-365-5892,,3,99,0,,5,20,19,,,운영,2006-10-04,,,,일반,2020-02-10
"대전광역시",서구,8428000013,채움어린이집,민간,Y,35316,대전광역시 서구 변정6길 99 (변동),042-522-2145,042-527-2145,http://cafe.naver.com/chaeumkids,6,243,2,,10,53,32,,,운영,2006-11-01,,,,일반,2020-02-10
"대전광역시",서구,2848001405,초록별어린이집,가정,Y,35386,"대전광역시 서구 가수원로 72 107동 108호 (가수원동, 은아아파트1단지)",042-543-9981,,초록별어린이들,4,51,0,,4,16,13,,,운영,2004-11-01,,,,일반,2020-02-10
"대전광역시",서구,3148007355,초롱어린이집,가정,Y,35246,"대전광역시 서구 둔산로 223 7동 105호 (둔산동, 청솔아파트)",042-482-9710,,,3,80,2,,3,20,9,,,미운영,1994-04-14,,,,일반,2020-02-10
"대전광역시",서구,3078026015,캥거루어린이집,가정,Y,35297,"대전광역시 서구 가장로 107 209동 105호 (가장동, 삼성래미안아파트)",042-535-5759,042-522-5707,,4,87,0,,6,20,20,,,운영,2002-08-26,,,,일반,2020-02-10
"대전광역시",서구,5978000054,케이티씨에스대전어린이집,직장,Y,35364,대전광역시 서구 관저북로 6 1층,070-4191-6114,042-543-6114,,6,165,0,,10,33,23,,,미운영,2015-03-06,,,,일반,2020-02-10
"대전광역시",서구,1468000439,콩콩어린이집,협동,Y,35303,대전광역시 서구 도산로370번길 22-1,042-485-5858,042-537-0505,,5,209,3,,12,73,44,,,미운영,2015-05-20,,,,일반,2020-02-10
"대전광역시",서구,3148035545,크로바어린이집,가정,Y,35248,"대전광역시 서구 둔산로 155 110동 103호 (둔산동, 크로바아파트)",042-487-0045,,,4,74,0,,7,20,20,,,미운영,2012-09-28,,,,일반,2020-02-10
"대전광역시",서구,3148017663,큰나무어린이집,가정,Y,35371,"대전광역시 서구 관저로 51 510동 106호 (관저동, 구봉마을5단지)",042-545-6697,,,3,61,0,,6,20,18,,,운영,2001-04-27,,,,일반,2020-02-10
"대전광역시",서구,3148006259,큰사랑어린이집,가정,Y,35263,"대전광역시 서구 문정로90번길 60 110동 103호 (탄방동, 한우리아파트)",042-484-9943,,,3,99,0,,7,19,19,,,미운영,2004-09-30,,,,시간연장형,2020-02-10
"대전광역시",서구,3148015379,키즈맘어린이집,가정,Y,35216,"대전광역시 서구 청사로 65 109동 101호 (월평동, 황실타운아파트)",042-472-3963,,,4,102,0,,6,20,20,,,미운영,2008-01-10,,,,일반,2020-02-10
"대전광역시",서구,3148006486,키즈모드니어린이집,민간,Y,35384,"대전광역시 서구 관저동로 42 주민복지관 1층 (관저동, 느리울마을아파트13단지)",042-542-9992,070-7747-9992,,3,160,0,,8,37,36,,,운영,2002-12-27,,,,일반,2020-02-10
"대전광역시",서구,3148032820,키즈빌어린이집,민간,Y,35306,대전광역시 서구 유등로483번길 28 (용문동),042-527-7942,,,8,306,2,,16,111,84,,,운영,2011-11-21,,,,시간연장형,2020-02-10
"대전광역시",서구,3148042707,키즈아일랜드어린이집,민간,Y,35413,대전광역시 서구 유등로17번길 78 (복수동),042-582-2188,042-582-2189,kidsisland.kidsnote.ac,8,348,2,,20,127,112,,,운영,2007-12-12,,,,시간연장형,2020-02-10
"대전광역시",서구,3148021599,키즈영재어린이집,가정,Y,35218,"대전광역시 서구 청사로 70 114동 104호 (월평동, 누리아파트)",042-369-2589,,,4,54,0,,5,20,18,,,미운영,2008-01-30,,,,일반,2020-02-10
"대전광역시",서구,3148033284,키즈컴어린이집,가정,Y,35205,"대전광역시 서구 청사로 281 208동 101호 (둔산동, 샘머리아파트2단지)",042-581-4720,042-581-4720,,3,102,0,,5,20,17,,,미운영,2007-12-27,,,,일반,2020-02-10
"대전광역시",서구,3148032951,킨더랜드어린이집,가정,Y,35247,"대전광역시 서구 둔산북로 160 1동 104호 (둔산동, 한마루아파트)",042-487-3410,,,5,122,0,,5,20,20,,,미운영,2012-01-31,,,,일반,2020-02-10
"대전광역시",서구,5358000401,킨더엔젤라어린이집,민간,Y,35342,대전광역시 서구 변동서로 7 (변동),042-535-7662,,,4,117,2,,10,27,23,,,운영,2005-01-20,,,,일반,2020-02-10
"대전광역시",서구,2058001469,킹스키즈어린이집,민간,Y,35399,대전광역시 서구 정림로10번길 6-5 (정림동),042-585-2368,042-585-2369,,8,238,2,,9,77,39,,,운영,1995-08-31,,,,일반,2020-02-10
"대전광역시",서구,7298001039,토토로어린이집,가정,Y,35228,"대전광역시 서구 둔산로 15 118동 105호 (둔산동, 향촌아파트)",042-482-3655,,,3,59,0,,7,20,17,,,운영,2007-09-19,,,,일반,2020-02-10
"대전광역시",서구,3148012222,팅커벨어린이집,가정,Y,35285,"대전광역시 서구 동서대로 967 8동 105호 (내동, 코오롱아파트)",042-531-9022,042-531-9022,,5,85,0,,6,20,20,,,미운영,2006-03-13,,,,일반,2020-02-10
"대전광역시",서구,3148018319,파란나라어린이집,가정,Y,35200,대전광역시 서구 만년남로3번길 65 (만년동),042-485-4125,042-485-4125,키즈노트,4,131,0,,4,20,15,,,미운영,2006-03-02,,,,일반,2020-02-10
"대전광역시",서구,3148041542,파란어린이집,가정,Y,35265,"대전광역시 서구 대덕대로 150 119동 101호 (갈마동, 큰마을아파트)",042-538-0123,042-538-0123,,4,102,0,,6,20,20,,,미운영,2006-08-04,,,,일반,2020-02-10
"대전광역시",서구,3148022467,파란하늘어린이집,가정,Y,35202,"대전광역시 서구 만년남로 8 101동 103호 (만년동, 상록수아파트)",042-471-7959,,,3,79,0,,5,15,15,,,미운영,2007-11-13,,,,일반,2020-02-10
"대전광역시",서구,3148037510,파랑새굿맘어린이집,가정,Y,35228,"대전광역시 서구 둔지로 75 102동 102호 (둔산동, 파랑새아파트)",042-483-6776,,,4,76,2,,6,20,18,,,운영,2011-03-08,,,,일반,2020-02-10
"대전광역시",서구,3148022093,포근한어린이집,가정,Y,35346,"대전광역시 서구 배재로 139-31 114동 111호 (도마동, 경남아파트2단지)",042-535-2997,,,3,99,0,,9,20,17,,,운영,2010-04-14,,,,시간연장형,2020-02-10
"대전광역시",서구,1548001666,포비어린이집,가정,Y,35346,"대전광역시 서구 배재로 155-7 108동 101호 (도마동, 경남아파트2단지)",042-531-4335,042-531-4335,http//cafe.daum.net/fourb,4,49,0,,4,17,12,,,운영,2005-03-01,,,,일반,2020-02-10
"대전광역시",서구,3148210553,푸르니어린이집,사회복지법인,Y,35399,대전광역시 서구 정림로10번길 41 (정림동),042-584-1301,042-585-1302,,11,180,1,,13,56,54,,,운영,2005-10-12,,,,시간연장형,2020-02-10
"대전광역시",서구,7368001056,푸른꿈어린이집,가정,Y,35356,"대전광역시 서구 도안동로 123 1703동 101호 (도안동, 도안리슈빌아파트)",042-541-2355,042-541-2355,,4,73,0,,6,20,20,,,미운영,2014-09-30,,,,일반,2020-02-10
"대전광역시",서구,3148026691,푸른나무어린이집,가정,Y,35201,"대전광역시 서구 만년로 45 103동 113호 (만년동, 초원아파트)",042-485-4819,042-485-4819,푸른나무아이하우스-Daum,4,52,0,,5,16,16,,,운영,2010-08-31,,,,일반,2020-02-10
"대전광역시",서구,3148032290,푸른샘어린이집,민간,Y,35355,"대전광역시 서구 도안동로 177 커뮤니티센터 (도안동, 수목토아파트)",042-541-0153,,,4,174,1,,8,63,56,,,미운영,2011-12-13,,,,일반,2020-02-10
"대전광역시",서구,3148034226,푸른숲어린이집,가정,Y,35379,"대전광역시 서구 관저동로90번길 15 112동 102호 (관저동, 관저리슈빌아파트)",042-352-8383,,,4,84,0,,3,19,14,,,미운영,2010-04-19,,,,일반,2020-02-10
"대전광역시",서구,3148007466,푸른어린이집,가정,Y,35228,"대전광역시 서구 둔산로 15 103동 103호 (둔산동, 향촌아파트)",042-487-4588,,,4,102,1,,10,20,20,,,미운영,2005-02-21,,,,시간연장형,2020-02-10
"대전광역시",서구,3148034513,푸른하늘어린이집,가정,Y,35206,"대전광역시 서구 청사로 282 2동 104호 (둔산동, 수정타운아파트)",042-483-0202,,,4,58,0,,5,19,17,,,미운영,2012-05-31,,,,일반,2020-02-10
"대전광역시",서구,3148006870,푸른한양어린이집,가정,Y,35251,"대전광역시 서구 문정로 131 4동 101호 (탄방동, 공작한양아파트)",042-364-1108,,,3,105,0,,5,20,17,,,운영,2003-05-02,,,,일반,2020-02-10
"대전광역시",서구,3148015423,푸우어린이집,가정,Y,35202,"대전광역시 서구 만년남로 8 106동 106호 (만년동, 상록수아파트)",042-472-8888,042-472-8888,,3,79,0,,5,15,15,,,미운영,2006-05-09,,,,일반,2020-02-10
"대전광역시",서구,3148038635,풀잎어린이집,가정,Y,35251,"대전광역시 서구 문예로 16 10동 104호 (탄방동, 한가람아파트)",042-487-6445,,,3,59,0,,6,19,18,,,미운영,2006-07-27,,,,일반,2020-02-10
"대전광역시",서구,3148014481,프뢰벨어린이집,가정,Y,35265,"대전광역시 서구 대덕대로 150 117동 102호 (갈마동, 큰마을아파트)",042-533-3405,042-532-0676,,3,100,0,,7,20,18,,,미운영,2006-03-02,,,,일반,2020-02-10
"대전광역시",서구,3148024451,피노키오어린이집,가정,Y,35235,"대전광역시 서구 둔산남로 30 108동 102호 (둔산동, 녹원아파트)",042-489-6555,042-489-6555,,3,68,0,,8,20,20,,,미운영,2010-07-29,,,,일반,2020-02-10
"대전광역시",서구,3148035375,피아제어린이집,민간,Y,35277,대전광역시 서구 신갈마로141번길 42 (갈마동),042-524-2088,042-524-2077,,5,220,0,,6,49,14,,,운영,2008-07-01,,,,일반,2020-02-10
"대전광역시",서구,3148041348,하나별어린이집,가정,Y,35364,"대전광역시 서구 관저북로 14 406동 101호 (관저동, 원앙마을4단지아파트)",042-544-3070,,,3,69,0,,3,12,11,,,미운영,2006-03-06,,,,일반,2020-02-10
"대전광역시",서구,3148042691,하늘뜰어린이집,가정,Y,35263,"대전광역시 서구 문정로90번길 60 107동 101호 (탄방동, 한우리아파트)",070-8202-3435,,,4,65,1,,7,19,18,,,미운영,2005-11-08,,,,일반,2020-02-10
"대전광역시",서구,3148043502,하늘린어린이집,가정,Y,35355,"대전광역시 서구 도안동로 183 1506동 103호 (도안동, 도안아이파크)",042-331-2159,042-543-2002,,4,71,0,,6,20,20,,,미운영,2013-11-22,,,,일반,2020-02-10
"대전광역시",서구,7758000028,하늘빛어린이집,가정,Y,35390,대전광역시 서구 가수원중로57번길 56 (가수원동),042-541-5006,042-545-1569,ukl408@hanmail.net,4,71,0,,5,20,19,,,운영,2003-03-02,,,,시간연장형,2020-02-10
"대전광역시",서구,3148039347,하늘호수어린이집,가정,Y,35228,"대전광역시 서구 둔산로 15 104동 104호 (둔산동, 향촌아파트)",042-368-4322,042-368-4322,,4,66,0,,6,20,18,,,미운영,2005-07-15,,,,시간연장형,2020-02-10
"대전광역시",서구,3148029757,하람어린이집,가정,Y,35359,"대전광역시 서구 관저북로 52 108동 102호 (관저동, 대자연마을아파트)",042-544-9809,042-352-9995,,3,155,0,,5,20,20,,,미운영,2007-03-19,,,,일반,2020-02-10
"대전광역시",서구,6518000611,하랑어린이집,가정,Y,35376,"대전광역시 서구 관저서로 20 901동 103호 (관저동, 구봉마을9단지)",042-361-0022,042-361-0022,,3,40,0,,5,13,13,,,미운영,2005-01-28,,,,일반,2020-02-10
"대전광역시",서구,3148009708,하림어린이집,가정,Y,35386,"대전광역시 서구 가수원로 72 109동 105호 (가수원동, 은아아파트1단지)",042-542-2040,,,3,105,0,,7,20,20,,,운영,2005-01-29,,,,시간연장형,2020-02-10
"대전광역시",서구,3148910377,하얀도담어린이집,민간,Y,35288,대전광역시 서구 도솔로267번길 22 (내동),042-533-4789,042-527-4789,song2449@naver.com,7,374,1,,14,122,83,,,운영,2002-02-05,,,,일반,2020-02-10
"대전광역시",서구,3148005662,하은어린이집,가정,Y,35314,"대전광역시 서구 갈마로 262 122동 103호 (내동, 맑은아침아파트)",042-365-1823,,,3,109,0,,6,20,20,,,운영,2006-03-01,,,,일반,2020-02-10
"대전광역시",서구,5688000662,하이캠어린이집,민간,Y,35224,대전광역시 서구 계룡로325번길 16 (월평동),042-488-9990,042-489-0233,,4,197,1,,4,58,23,,,운영,1998-03-05,,,,일반,2020-02-10
"대전광역시",서구,3148038917,한결어린이집,가정,Y,35373,"대전광역시 서구 관저로 84 805동 106호 (관저동, 구봉마을8단지)",042-362-7500,,star9550@naver.com,3,40,1,,6,15,14,,,미운영,2004-04-30,,,,일반,2020-02-10
"대전광역시",서구,8078000951,한국어린이집,민간,Y,35335,대전광역시 서구 제비네6길 86 (도마동),042-527-6147,042-535-6147,,7,365,2,,8,96,39,,,운영,2002-10-09,,,,일반,2020-02-10
"대전광역시",서구,3148031501,한마루어린이집,가정,Y,35247,"대전광역시 서구 둔산북로 160 106동 101호 (둔산동, 한마루아파트)",042-484-0354,042-484-0354,,5,74,2,,4,20,13,,,미운영,2010-10-15,,,,시간연장형,2020-02-10
"대전광역시",서구,3148273714,한밭어린이집,국공립,Y,35211,"대전광역시 서구 월평북로 11 , 한밭종합사회복지관 1층(월평동, 주공1단지아파트)",042-484-5552,042-484-4325,http://wvhanbat.or.kr/child,4,227,0,,9,47,39,,,미운영,1993-09-08,,,,장애아통합+시간연장형,2020-02-10
"대전광역시",서구,3148034380,한빛어린이집,가정,Y,35251,"대전광역시 서구 문정로 131 10동 106호 (탄방동, 공작한양아파트)",042-484-8369,,,3,84,0,,5,19,16,,,미운영,2006-05-10,,,,일반,2020-02-10
"대전광역시",서구,3148006716,한선생어린이집,가정,Y,35275,"대전광역시 서구 계룡로326번길 37 B동 102호 (갈마동, 공신빌라)",042-525-2026,042-301-3181,,3,71,0,,2,15,5,,,미운영,2006-04-03,,,,시간연장형,2020-02-10
"대전광역시",서구,3148004756,한솔어린이집,민간,Y,35315,대전광역시 서구 도산로253번길 25-6 (내동),042-534-1700,,,4,145,1,,8,32,28,,,운영,2000-03-18,,,,일반,2020-02-10
"대전광역시",서구,3148006768,한신어린이집,가정,Y,35268,"대전광역시 서구 계룡로536번길 9 102동 103호 (괴정동, 한신아파트)",042-534-0396,042-534-0396,pretty87@hanmail.net,4,102,0,,7,20,18,,,운영,2006-04-04,,,,일반,2020-02-10
"대전광역시",서구,7178000911,한아름어린이집,가정,Y,35346,"대전광역시 서구 배재로 155-7 102동 103호 (도마동, 경남아파트2단지)",042-538-7651,042-528-7651,,3,55,0,,2,20,8,,,미운영,2005-01-21,,,,시간연장형,2020-02-10
"대전광역시",서구,3148036035,한울어린이집,민간,Y,35311,대전광역시 서구 갈마로313번길 41-19 (가장동),042-526-5579,042-527-5553,,5,92,0,,7,34,17,,,운영,2004-12-31,,,,일반,2020-02-10
"대전광역시",서구,3148039667,해그림어린이집,가정,Y,35218,"대전광역시 서구 청사로 70 109동 108호 (월평동, 누리아파트)",042-489-5609,042-489-5609,,4,119,0,,6,20,20,,,미운영,2006-07-12,,,,일반,2020-02-10
"대전광역시",서구,7758001070,해누리어린이집,민간,Y,35296,대전광역시 서구 도산로321번길 18 (가장동),042-528-0512,042-528-0513,cafe.daum.net/djsunnuri,6,204,1,,11,71,48,,,운영,2005-12-26,,,,시간연장형,2020-02-10
"대전광역시",서구,3148018852,해달별어린이집,가정,Y,35373,"대전광역시 서구 관저로 84 803동 104호 (관저동, 구봉마을8단지)",042-368-7941,,,3,79,0,,6,18,16,,,미운영,2009-05-20,,,,일반,2020-02-10
"대전광역시",서구,3278000528,해든어린이집,민간,Y,35384,대전광역시 서구 관저동로 12,042-544-1004,042-544-1004,,3,73,1,,7,27,27,,,미운영,2017-01-18,,,,일반,2020-02-10
"대전광역시",서구,3148043706,해뜬어린이집,가정,Y,35383,"대전광역시 서구 구봉산북로 165 307동 105호 (관저동, 다온숲아파트)",042-551-3233,042-551-3233,,3,99,0,,7,20,20,,,미운영,2010-03-18,,,,시간연장형,2020-02-10
"대전광역시",서구,7938000894,해뜰어린이집,가정,Y,35371,"대전광역시 서구 관저로 51 512동 101호 (관저동, 구봉마을5단지)",042-542-8111,042-542-8111,,4,108,0,,5,20,20,,,운영,2007-12-13,,,,일반,2020-02-10
"대전광역시",서구,4958001460,해솔어린이집,가정,Y,35355,"대전광역시 서구 도안동로 177 115동 102호 (도안동, 수목토아파트)",042-543-1020,042-543-1020,,4,68,0,,5,20,20,,,미운영,2010-08-24,,,,일반,2020-02-10
"대전광역시",서구,4288001005,해와달어린이집,가정,Y,35202,"대전광역시 서구 만년남로 8 103동 107호 (만년동, 상록수아파트)",042-488-8891,042-488-8891,joop7630@naver.com,3,81,0,,5,15,13,,,미운영,2008-06-19,,,,시간연장형,2020-02-10
"대전광역시",서구,3148028568,해피맘어린이집,가정,Y,35201,"대전광역시 서구 만년로 45 101동 108호 (만년동, 초원아파트)",042-352-5644,,,3,55,0,,5,14,13,,,미운영,2004-01-19,,,,일반,2020-02-10
"대전광역시",서구,3148042653,해피베베어린이집,가정,Y,35358,"대전광역시 서구 관저북로 87 106동 104호 (관저동, 원앙마을1단지아파트)",070-8222-5105,,,4,102,0,,6,19,17,,,미운영,2009-04-03,,,,일반,2020-02-10
"대전광역시",서구,3148037316,해피아이어린이집,가정,Y,35217,"대전광역시 서구 월평동로 45 112동 105호 (월평동, 진달래아파트)",042-472-1833,,,3,99,0,,5,19,19,,,미운영,2010-01-12,,,,일반,2020-02-10
"대전광역시",서구,3148029039,해피키즈어린이집,가정,Y,35205,"대전광역시 서구 청사로 253 204동 103호 (둔산동, 꿈나무아파트)",042-362-0808,042-362-0808,,4,70,0,,7,18,18,,,미운영,2011-03-04,,,,시간연장형,2020-02-10
"대전광역시",서구,3148029102,햇님굿맘어린이집,가정,Y,35243,"대전광역시 서구 둔산북로 175 4동 101호 (둔산동, 햇님아파트)",042-488-9637,,,4,64,0,,7,20,20,,,미운영,2011-03-08,,,,시간연장형,2020-02-10
"대전광역시",서구,3148006749,햇님나라어린이집,가정,Y,35216,"대전광역시 서구 청사로 65 112동 106호 (월평동, 황실타운아파트)",042-489-3843,,,3,79,0,,6,19,18,,,미운영,2006-04-17,,,,일반,2020-02-10
"대전광역시",서구,3148011368,햇빛어린이집,가정,Y,35273,"대전광역시 서구 갈마로117번길 16-9 101호 (갈마동, 부길빌라)",042-526-3391,,hbch.ohpy.com,4,80,0,,4,18,5,,,미운영,1998-03-02,,,,시간연장형,2020-02-10
"대전광역시",서구,3148011844,햇빛촌어린이집,민간,Y,35205,"대전광역시 서구 문예로 174 관리소 1층 (둔산동, 샘머리아파트1단지)",042-472-1465,042-472-1465,,4,235,1,,10,52,30,,,운영,1999-10-08,,,,시간연장형,2020-02-10
"대전광역시",서구,3148023675,행복가득어린이집,가정,Y,35404,"대전광역시 서구 복수중로 30 107동 101호 (복수동, 오량마을마루미아파트)",042-320-6353,042-320-6353,,3,116,0,,4,18,10,,,미운영,2007-01-05,,,,일반+시간제보육,2020-02-10
"대전광역시",서구,3148037126,행복아이어린이집,가정,Y,35217,"대전광역시 서구 월평동로 45 103동 106호 (월평동, 진달래아파트)",042-320-1160,042-320-1160,,3,79,0,,5,18,12,,,미운영,2008-10-22,,,,일반,2020-02-10
"대전광역시",서구,3148028743,행복한어린이집,민간,Y,35405,대전광역시 서구 오량4길 55 (복수동),042-587-2233,042-586-2235,,7,275,1,,10,97,50,,,운영,2005-01-12,,,,일반,2020-02-10
"대전광역시",서구,7978001139,향촌꼬마숲어린이집,가정,Y,35228,"대전광역시 서구 둔산로 15 109동 103호 (둔산동,향촌아파트)",042-488-7877,042-488-7877,http://www.littleforest.co.kr/home/Dunsan/,4,67,0,,6,20,20,,,미운영,2012-05-18,,,,일반,2020-02-10
"대전광역시",서구,6898001288,헬로아트미미어린이집,가정,Y,35373,"대전광역시 서구 관저로 84 811동 104호 (관저동, 구봉마을8단지)",042-541-1003,042-541-1003,,3,79,0,,7,15,14,,,미운영,2008-01-30,,,,시간연장형,2020-02-10
"대전광역시",서구,2078001825,헬로아트베베어린이집,가정,Y,35376,"대전광역시 서구 관저서로 20 910동 103호(관저동, 구봉마을9단지)",042-543-8826,,,3,83,0,,8,19,19,,,미운영,2009-10-30,,,,시간연장형,2020-02-10
"대전광역시",서구,3088024835,헬로아트어린이집,민간,Y,35372,"대전광역시 서구 관저로 83 (관저동, 신선마을아파트)",042-544-0579,042-544-0690,,4,92,0,,7,29,29,,,운영,2018-02-23,,,,일반,2020-02-10
"대전광역시",서구,3148006282,현대어린이집,가정,Y,35231,대전광역시 서구 갈마역로25번길 27-7 (갈마동),042-486-6314,042-486-6313,,4,112,0,,7,20,18,,,운영,1995-05-23,,,,시간연장형,2020-02-10
"대전광역시",서구,3148007689,현어린이집,가정,Y,35205,"대전광역시 서구 문예로 174 114동 101호(둔산동, 샘머리아파트1단지)",042-487-8627,,,3,60,0,,6,19,13,,,미운영,2005-08-22,,,,시간연장형,2020-02-10
"대전광역시",서구,3568000166,호반별꽃어린이집,가정,Y,35356,"대전광역시 서구 원도안로 100 101동 101호 (도안동, 도안베르디움아파트)",042-543-8990,,,4,100,0,,7,20,20,,,운영,2015-09-04,,,,시간연장형,2020-02-10
"대전광역시",서구,3148042347,호반숲어린이집,가정,Y,35356,"대전광역시 서구 원도안로 100 110동 102호 (도안동, 도안베르디움)",042-541-1020,,,4,78,0,,7,20,20,,,미운영,2014-06-02,,,,일반,2020-02-10
"대전광역시",서구,2258010808,호산나어린이집,가정,Y,35364,"대전광역시 서구 관저북로 14 402동 105호 (관저동, 원앙마을4단지아파트)",042-545-0124,042-545-0124,,3,79,1,,1,13,1,,,미운영,2009-04-07,,,,일반,2020-02-10
"대전광역시",서구,5988000023,황실도담어린이집,가정,Y,35216,"대전광역시 서구 청사로 65 113동 102호 (월평동, 황실타운아파트)",042-484-0396,042-484-0396,,3,102,0,,4,17,16,,,미운영,2006-04-14,,,,일반,2020-02-10
"대전광역시",서구,3148041896,황토어린이집,가정,Y,35344,"대전광역시 서구 배재로 185 105동 101호 (도마동,대아아파트)",042-824-5279,042-824-5279,,3,97,0,,6,19,19,,,운영,2007-03-12,,,,일반,2020-02-10
"대전광역시",서구,5868000563,효성열린어린이집,민간,Y,35401,"대전광역시 서구 도산로 11 관리소 1층 (도마동, 효성타운아파트)",042-582-5004,042-582-5020,,4,178,1,,8,36,28,,,운영,1998-07-31,,,,일반,2020-02-10
"대전광역시",서구,3148203367,흑석어린이집,사회복지법인,Y,35426,대전광역시 서구 조련길 67 (흑석동),042-585-3284,042-581-3074,,5,326,1,,9,76,57,,,운영,1993-11-27,,,,시간연장형,2020-02-10
